-- MySQL dump 10.13  Distrib 8.0.30, for Win64 (x86_64)
--
-- Host: localhost    Database: sismicrocreditos_db
-- ------------------------------------------------------
-- Server version	8.0.30

/*!40101 SET @OLD_CHARACTER_SET_CLIENT=@@CHARACTER_SET_CLIENT */;
/*!40101 SET @OLD_CHARACTER_SET_RESULTS=@@CHARACTER_SET_RESULTS */;
/*!40101 SET @OLD_COLLATION_CONNECTION=@@COLLATION_CONNECTION */;
/*!50503 SET NAMES utf8mb4 */;
/*!40103 SET @OLD_TIME_ZONE=@@TIME_ZONE */;
/*!40103 SET TIME_ZONE='+00:00' */;
/*!40014 SET @OLD_UNIQUE_CHECKS=@@UNIQUE_CHECKS, UNIQUE_CHECKS=0 */;
/*!40014 SET @OLD_FOREIGN_KEY_CHECKS=@@FOREIGN_KEY_CHECKS, FOREIGN_KEY_CHECKS=0 */;
/*!40101 SET @OLD_SQL_MODE=@@SQL_MODE, SQL_MODE='NO_AUTO_VALUE_ON_ZERO' */;
/*!40111 SET @OLD_SQL_NOTES=@@SQL_NOTES, SQL_NOTES=0 */;

--
-- Table structure for table `caja_movimientos`
--

DROP TABLE IF EXISTS `caja_movimientos`;
/*!40101 SET @saved_cs_client     = @@character_set_client */;
/*!50503 SET character_set_client = utf8mb4 */;
CREATE TABLE `caja_movimientos` (
  `id` bigint unsigned NOT NULL AUTO_INCREMENT,
  `caja_id` bigint unsigned NOT NULL,
  `user_id` bigint unsigned NOT NULL,
  `monto` decimal(24,2) NOT NULL,
  `tipo` enum('CRÉDITO','DEBITO') CHARACTER SET utf8mb4 COLLATE utf8mb4_unicode_ci NOT NULL,
  `glosa` enum('GASTOS ADMINISTRATIVOS','DESEMBOLSO','PAGO CUOTA PRESTAMO','INTERES','PAGO MORA','ABONO CAPITAL') CHARACTER SET utf8mb4 COLLATE utf8mb4_unicode_ci NOT NULL,
  `tipo_prestamo` varchar(155) CHARACTER SET utf8mb4 COLLATE utf8mb4_unicode_ci DEFAULT NULL,
  `prestamo_id` bigint unsigned DEFAULT NULL,
  `grupo_id` bigint unsigned DEFAULT NULL,
  `fecha_registro` date DEFAULT NULL,
  `created_at` timestamp NULL DEFAULT NULL,
  `updated_at` timestamp NULL DEFAULT NULL,
  PRIMARY KEY (`id`),
  KEY `caja_id` (`caja_id`),
  KEY `user_id` (`user_id`),
  KEY `prestamo_id` (`prestamo_id`),
  KEY `grupo_id` (`grupo_id`),
  CONSTRAINT `caja_movimientos_ibfk_1` FOREIGN KEY (`caja_id`) REFERENCES `cajas` (`id`),
  CONSTRAINT `caja_movimientos_ibfk_2` FOREIGN KEY (`user_id`) REFERENCES `users` (`id`),
  CONSTRAINT `caja_movimientos_ibfk_3` FOREIGN KEY (`prestamo_id`) REFERENCES `prestamos` (`id`),
  CONSTRAINT `caja_movimientos_ibfk_4` FOREIGN KEY (`grupo_id`) REFERENCES `grupos` (`id`)
) ENGINE=InnoDB AUTO_INCREMENT=105 DEFAULT CHARSET=utf8mb4 COLLATE=utf8mb4_unicode_ci;
/*!40101 SET character_set_client = @saved_cs_client */;

--
-- Dumping data for table `caja_movimientos`
--

LOCK TABLES `caja_movimientos` WRITE;
/*!40000 ALTER TABLE `caja_movimientos` DISABLE KEYS */;
INSERT INTO `caja_movimientos` VALUES (1,1,1,10000.00,'CRÉDITO','ABONO CAPITAL',NULL,NULL,NULL,'2024-01-29','2024-01-29 20:54:34','2024-01-29 20:54:34'),(2,1,1,1000.00,'DEBITO','DESEMBOLSO','INDIVIDUAL',1,NULL,'2024-01-29','2024-01-29 20:55:07','2024-01-29 20:55:07'),(3,2,1,20.00,'CRÉDITO','GASTOS ADMINISTRATIVOS','INDIVIDUAL',1,NULL,'2024-01-29','2024-01-29 20:55:07','2024-01-29 20:55:07'),(4,1,1,2000.00,'DEBITO','DESEMBOLSO','INDIVIDUAL',4,NULL,'2024-02-07','2024-02-07 21:42:19','2024-02-07 21:42:19'),(5,1,1,2000.00,'CRÉDITO','ABONO CAPITAL',NULL,NULL,NULL,'2024-02-07','2024-02-07 21:49:18','2024-02-07 21:49:18'),(6,1,2,77.87,'CRÉDITO','PAGO CUOTA PRESTAMO','GRUPAL',1,NULL,'2024-02-07','2024-02-07 21:57:35','2024-02-07 21:57:35'),(7,4,2,12.25,'CRÉDITO','INTERES','GRUPAL',1,NULL,'2024-02-07','2024-02-07 21:57:35','2024-02-07 21:57:35'),(8,3,2,12.25,'CRÉDITO','PAGO MORA','GRUPAL',1,NULL,'2024-02-07','2024-02-07 21:57:35','2024-02-07 21:57:35'),(9,1,2,78.82,'CRÉDITO','PAGO CUOTA PRESTAMO','GRUPAL',1,NULL,'2024-02-26','2024-02-26 21:23:06','2024-02-26 21:23:06'),(10,4,2,11.30,'CRÉDITO','INTERES','GRUPAL',1,NULL,'2024-02-26','2024-02-26 21:23:06','2024-02-26 21:23:06'),(11,3,2,11.30,'CRÉDITO','PAGO MORA','GRUPAL',1,NULL,'2024-02-26','2024-02-26 21:23:06','2024-02-26 21:23:06'),(12,1,2,155.72,'CRÉDITO','PAGO CUOTA PRESTAMO','GRUPAL',4,NULL,'2024-02-26','2024-02-26 21:37:12','2024-02-26 21:37:12'),(13,4,2,24.50,'CRÉDITO','INTERES','GRUPAL',4,NULL,'2024-02-26','2024-02-26 21:37:12','2024-02-26 21:37:12'),(14,3,2,24.50,'CRÉDITO','PAGO MORA','GRUPAL',4,NULL,'2024-02-26','2024-02-26 21:37:12','2024-02-26 21:37:12'),(15,1,2,79.78,'CRÉDITO','PAGO CUOTA PRESTAMO','GRUPAL',1,NULL,'2024-02-26','2024-02-26 21:39:46','2024-02-26 21:39:46'),(16,4,2,10.33,'CRÉDITO','INTERES','GRUPAL',1,NULL,'2024-02-26','2024-02-26 21:39:46','2024-02-26 21:39:46'),(17,3,2,10.33,'CRÉDITO','PAGO MORA','GRUPAL',1,NULL,'2024-02-26','2024-02-26 21:39:46','2024-02-26 21:39:46'),(18,1,2,157.63,'CRÉDITO','PAGO CUOTA PRESTAMO','GRUPAL',4,NULL,'2024-02-26','2024-02-26 21:40:47','2024-02-26 21:40:47'),(19,4,2,22.59,'CRÉDITO','INTERES','GRUPAL',4,NULL,'2024-02-26','2024-02-26 21:40:47','2024-02-26 21:40:47'),(20,3,2,22.59,'CRÉDITO','PAGO MORA','GRUPAL',4,NULL,'2024-02-26','2024-02-26 21:40:47','2024-02-26 21:40:47'),(21,1,1,50000.00,'CRÉDITO','ABONO CAPITAL',NULL,NULL,NULL,'2024-03-19','2024-03-19 22:41:42','2024-03-19 22:41:42'),(22,1,1,10000.00,'DEBITO','DESEMBOLSO','GRUPAL',NULL,2,'2024-03-19','2024-03-19 22:42:14','2024-03-19 22:42:14'),(23,1,2,80.76,'CRÉDITO','PAGO CUOTA PRESTAMO','GRUPAL',1,NULL,'2024-03-20','2024-03-20 22:10:17','2024-03-20 22:10:17'),(24,4,2,9.35,'CRÉDITO','INTERES','GRUPAL',1,NULL,'2024-03-20','2024-03-20 22:10:17','2024-03-20 22:10:17'),(25,3,2,9.35,'CRÉDITO','PAGO MORA','GRUPAL',1,NULL,'2024-03-20','2024-03-20 22:10:17','2024-03-20 22:10:17'),(26,1,2,81.75,'CRÉDITO','PAGO CUOTA PRESTAMO','GRUPAL',1,NULL,'2024-03-20','2024-03-20 22:33:04','2024-03-20 22:33:04'),(27,4,2,8.36,'CRÉDITO','INTERES','GRUPAL',1,NULL,'2024-03-20','2024-03-20 22:33:04','2024-03-20 22:33:04'),(28,3,2,8.36,'CRÉDITO','PAGO MORA','GRUPAL',1,NULL,'2024-03-20','2024-03-20 22:33:04','2024-03-20 22:33:04'),(29,1,2,82.75,'CRÉDITO','PAGO CUOTA PRESTAMO','GRUPAL',1,NULL,'2024-03-20','2024-03-20 22:33:38','2024-03-20 22:33:38'),(30,4,2,7.36,'CRÉDITO','INTERES','GRUPAL',1,NULL,'2024-03-20','2024-03-20 22:33:38','2024-03-20 22:33:38'),(31,3,2,7.36,'CRÉDITO','PAGO MORA','GRUPAL',1,NULL,'2024-03-20','2024-03-20 22:33:38','2024-03-20 22:33:38'),(32,1,2,83.77,'CRÉDITO','PAGO CUOTA PRESTAMO','GRUPAL',1,NULL,'2024-03-20','2024-03-20 22:33:48','2024-03-20 22:33:48'),(33,4,2,6.35,'CRÉDITO','INTERES','GRUPAL',1,NULL,'2024-03-20','2024-03-20 22:33:48','2024-03-20 22:33:48'),(34,3,2,6.35,'CRÉDITO','PAGO MORA','GRUPAL',1,NULL,'2024-03-20','2024-03-20 22:33:48','2024-03-20 22:33:48'),(35,1,2,84.79,'CRÉDITO','PAGO CUOTA PRESTAMO','GRUPAL',1,NULL,'2024-03-20','2024-03-20 22:34:15','2024-03-20 22:34:15'),(36,4,2,5.32,'CRÉDITO','INTERES','GRUPAL',1,NULL,'2024-03-20','2024-03-20 22:34:15','2024-03-20 22:34:15'),(37,1,2,85.83,'CRÉDITO','PAGO CUOTA PRESTAMO','GRUPAL',1,NULL,'2024-03-20','2024-03-20 22:34:59','2024-03-20 22:34:59'),(38,4,2,4.28,'CRÉDITO','INTERES','GRUPAL',1,NULL,'2024-03-20','2024-03-20 22:34:59','2024-03-20 22:34:59'),(39,1,2,86.88,'CRÉDITO','PAGO CUOTA PRESTAMO','GRUPAL',1,NULL,'2024-03-20','2024-03-20 22:35:07','2024-03-20 22:35:07'),(40,4,2,3.23,'CRÉDITO','INTERES','GRUPAL',1,NULL,'2024-03-20','2024-03-20 22:35:07','2024-03-20 22:35:07'),(41,1,2,87.95,'CRÉDITO','PAGO CUOTA PRESTAMO','GRUPAL',1,NULL,'2024-03-20','2024-03-20 22:35:23','2024-03-20 22:35:23'),(42,4,2,2.17,'CRÉDITO','INTERES','GRUPAL',1,NULL,'2024-03-20','2024-03-20 22:35:23','2024-03-20 22:35:23'),(43,1,2,89.05,'CRÉDITO','PAGO CUOTA PRESTAMO','GRUPAL',1,NULL,'2024-03-20','2024-03-20 22:35:42','2024-03-20 22:35:42'),(44,4,2,1.09,'CRÉDITO','INTERES','GRUPAL',1,NULL,'2024-03-20','2024-03-20 22:35:42','2024-03-20 22:35:42'),(45,1,1,3000.00,'DEBITO','DESEMBOLSO','INDIVIDUAL',16,NULL,'2024-04-24','2024-04-24 14:48:12','2024-04-24 14:48:12'),(46,1,2,159.56,'CRÉDITO','PAGO CUOTA PRESTAMO','INDIVIDUAL',4,NULL,'2024-04-24','2024-04-24 14:53:55','2024-04-24 14:53:55'),(47,4,2,20.66,'CRÉDITO','INTERES','INDIVIDUAL',4,NULL,'2024-04-24','2024-04-24 14:53:55','2024-04-24 14:53:55'),(48,3,2,20.66,'CRÉDITO','PAGO MORA','INDIVIDUAL',4,NULL,'2024-04-24','2024-04-24 14:53:55','2024-04-24 14:53:55'),(49,1,2,161.52,'CRÉDITO','PAGO CUOTA PRESTAMO','INDIVIDUAL',4,NULL,'2024-04-24','2024-04-24 14:54:16','2024-04-24 14:54:16'),(50,4,2,18.71,'CRÉDITO','INTERES','INDIVIDUAL',4,NULL,'2024-04-24','2024-04-24 14:54:16','2024-04-24 14:54:16'),(51,3,2,18.71,'CRÉDITO','PAGO MORA','INDIVIDUAL',4,NULL,'2024-04-24','2024-04-24 14:54:16','2024-04-24 14:54:16'),(52,1,2,163.50,'CRÉDITO','PAGO CUOTA PRESTAMO','INDIVIDUAL',4,NULL,'2024-04-24','2024-04-24 14:54:59','2024-04-24 14:54:59'),(53,4,2,16.73,'CRÉDITO','INTERES','INDIVIDUAL',4,NULL,'2024-04-24','2024-04-24 14:54:59','2024-04-24 14:54:59'),(54,3,2,16.73,'CRÉDITO','PAGO MORA','INDIVIDUAL',4,NULL,'2024-04-24','2024-04-24 14:54:59','2024-04-24 14:54:59'),(55,1,2,165.50,'CRÉDITO','PAGO CUOTA PRESTAMO','INDIVIDUAL',4,NULL,'2024-04-24','2024-04-24 14:55:22','2024-04-24 14:55:22'),(56,4,2,14.73,'CRÉDITO','INTERES','INDIVIDUAL',4,NULL,'2024-04-24','2024-04-24 14:55:22','2024-04-24 14:55:22'),(57,3,2,14.73,'CRÉDITO','PAGO MORA','INDIVIDUAL',4,NULL,'2024-04-24','2024-04-24 14:55:22','2024-04-24 14:55:22'),(58,1,2,167.53,'CRÉDITO','PAGO CUOTA PRESTAMO','INDIVIDUAL',4,NULL,'2024-04-24','2024-04-24 14:55:42','2024-04-24 14:55:42'),(59,4,2,12.70,'CRÉDITO','INTERES','INDIVIDUAL',4,NULL,'2024-04-24','2024-04-24 14:55:42','2024-04-24 14:55:42'),(60,3,2,12.70,'CRÉDITO','PAGO MORA','INDIVIDUAL',4,NULL,'2024-04-24','2024-04-24 14:55:42','2024-04-24 14:55:42'),(61,1,2,169.58,'CRÉDITO','PAGO CUOTA PRESTAMO','INDIVIDUAL',4,NULL,'2024-04-24','2024-04-24 14:55:51','2024-04-24 14:55:51'),(62,4,2,10.65,'CRÉDITO','INTERES','INDIVIDUAL',4,NULL,'2024-04-24','2024-04-24 14:55:51','2024-04-24 14:55:51'),(63,3,2,10.65,'CRÉDITO','PAGO MORA','INDIVIDUAL',4,NULL,'2024-04-24','2024-04-24 14:55:51','2024-04-24 14:55:51'),(64,1,2,171.66,'CRÉDITO','PAGO CUOTA PRESTAMO','INDIVIDUAL',4,NULL,'2024-04-24','2024-04-24 14:56:00','2024-04-24 14:56:00'),(65,4,2,8.57,'CRÉDITO','INTERES','INDIVIDUAL',4,NULL,'2024-04-24','2024-04-24 14:56:00','2024-04-24 14:56:00'),(66,3,2,8.57,'CRÉDITO','PAGO MORA','INDIVIDUAL',4,NULL,'2024-04-24','2024-04-24 14:56:00','2024-04-24 14:56:00'),(67,1,2,173.76,'CRÉDITO','PAGO CUOTA PRESTAMO','INDIVIDUAL',4,NULL,'2024-04-24','2024-04-24 14:56:07','2024-04-24 14:56:07'),(68,4,2,6.47,'CRÉDITO','INTERES','INDIVIDUAL',4,NULL,'2024-04-24','2024-04-24 14:56:07','2024-04-24 14:56:07'),(69,3,2,6.47,'CRÉDITO','PAGO MORA','INDIVIDUAL',4,NULL,'2024-04-24','2024-04-24 14:56:07','2024-04-24 14:56:07'),(70,1,2,175.89,'CRÉDITO','PAGO CUOTA PRESTAMO','INDIVIDUAL',4,NULL,'2024-04-24','2024-04-24 14:56:22','2024-04-24 14:56:22'),(71,4,2,4.34,'CRÉDITO','INTERES','INDIVIDUAL',4,NULL,'2024-04-24','2024-04-24 14:56:22','2024-04-24 14:56:22'),(72,1,2,178.15,'CRÉDITO','PAGO CUOTA PRESTAMO','INDIVIDUAL',4,NULL,'2024-04-24','2024-04-24 14:56:58','2024-04-24 14:56:58'),(73,4,2,2.18,'CRÉDITO','INTERES','INDIVIDUAL',4,NULL,'2024-04-24','2024-04-24 14:56:58','2024-04-24 14:56:58'),(74,1,1,2500.00,'DEBITO','DESEMBOLSO','INDIVIDUAL',18,NULL,'2024-04-26','2024-04-26 23:57:42','2024-04-26 23:57:42'),(75,1,1,3000.00,'DEBITO','DESEMBOLSO','INDIVIDUAL',19,NULL,'2024-04-26','2024-04-26 23:57:58','2024-04-26 23:57:58'),(76,1,1,4000.00,'DEBITO','DESEMBOLSO','INDIVIDUAL',20,NULL,'2024-04-26','2024-04-26 23:58:10','2024-04-26 23:58:10'),(77,1,1,4000.00,'DEBITO','DESEMBOLSO','GRUPAL',NULL,4,'2024-04-27','2024-04-27 00:27:23','2024-04-27 00:27:23'),(78,1,1,3000.00,'DEBITO','DESEMBOLSO','GRUPAL',NULL,1,'2024-04-27','2024-04-27 18:03:24','2024-04-27 18:03:24'),(79,1,2,778.67,'CRÉDITO','PAGO CUOTA PRESTAMO','GRUPAL',NULL,2,'2024-04-27','2024-04-27 18:16:18','2024-04-27 18:16:18'),(80,4,2,122.50,'CRÉDITO','INTERES','GRUPAL',NULL,2,'2024-04-27','2024-04-27 18:16:18','2024-04-27 18:16:18'),(81,3,2,122.50,'CRÉDITO','PAGO MORA','GRUPAL',NULL,2,'2024-04-27','2024-04-27 18:16:18','2024-04-27 18:16:18'),(82,1,2,788.20,'CRÉDITO','PAGO CUOTA PRESTAMO','GRUPAL',NULL,2,'2024-04-27','2024-04-27 18:18:03','2024-04-27 18:18:03'),(83,4,2,112.96,'CRÉDITO','INTERES','GRUPAL',NULL,2,'2024-04-27','2024-04-27 18:18:03','2024-04-27 18:18:03'),(84,3,2,112.96,'CRÉDITO','PAGO MORA','GRUPAL',NULL,2,'2024-04-27','2024-04-27 18:18:03','2024-04-27 18:18:03'),(85,1,2,797.86,'CRÉDITO','PAGO CUOTA PRESTAMO','GRUPAL',NULL,2,'2024-04-27','2024-04-27 18:19:12','2024-04-27 18:19:12'),(86,4,2,103.31,'CRÉDITO','INTERES','GRUPAL',NULL,2,'2024-04-27','2024-04-27 18:19:12','2024-04-27 18:19:12'),(87,3,2,103.31,'CRÉDITO','PAGO MORA','GRUPAL',NULL,2,'2024-04-27','2024-04-27 18:19:12','2024-04-27 18:19:12'),(88,1,2,807.63,'CRÉDITO','PAGO CUOTA PRESTAMO','GRUPAL',NULL,2,'2024-04-27','2024-04-27 18:19:21','2024-04-27 18:19:21'),(89,4,2,93.53,'CRÉDITO','INTERES','GRUPAL',NULL,2,'2024-04-27','2024-04-27 18:19:21','2024-04-27 18:19:21'),(90,3,2,93.53,'CRÉDITO','PAGO MORA','GRUPAL',NULL,2,'2024-04-27','2024-04-27 18:19:21','2024-04-27 18:19:21'),(91,1,2,817.53,'CRÉDITO','PAGO CUOTA PRESTAMO','GRUPAL',NULL,2,'2024-04-27','2024-04-27 18:19:32','2024-04-27 18:19:32'),(92,4,2,83.64,'CRÉDITO','INTERES','GRUPAL',NULL,2,'2024-04-27','2024-04-27 18:19:32','2024-04-27 18:19:32'),(93,3,2,83.64,'CRÉDITO','PAGO MORA','GRUPAL',NULL,2,'2024-04-27','2024-04-27 18:19:32','2024-04-27 18:19:32'),(94,1,1,3000.00,'DEBITO','DESEMBOLSO','INDIVIDUAL',21,NULL,'2024-04-28','2024-04-28 20:17:21','2024-04-28 20:17:21'),(95,1,1,3500.00,'DEBITO','DESEMBOLSO','INDIVIDUAL',22,NULL,'2024-04-28','2024-04-28 20:18:28','2024-04-28 20:18:28'),(96,1,1,3000.00,'DEBITO','DESEMBOLSO','INDIVIDUAL',23,NULL,'2024-04-28','2024-04-28 20:19:06','2024-04-28 20:19:06'),(97,1,1,3500.00,'DEBITO','DESEMBOLSO','INDIVIDUAL',24,NULL,'2024-04-28','2024-04-28 20:19:46','2024-04-28 20:19:46'),(98,1,1,1500.00,'DEBITO','DESEMBOLSO','INDIVIDUAL',3,NULL,'2024-04-28','2024-04-28 20:42:15','2024-04-28 20:42:15'),(99,1,1,1500.00,'DEBITO','DESEMBOLSO','INDIVIDUAL',5,NULL,'2024-04-28','2024-04-28 20:45:37','2024-04-28 20:45:37'),(100,1,2,3000.00,'CRÉDITO','PAGO CUOTA PRESTAMO','INDIVIDUAL',23,NULL,'2024-04-28','2024-04-28 21:02:03','2024-04-28 21:02:03'),(101,4,2,244.21,'CRÉDITO','INTERES','INDIVIDUAL',23,NULL,'2024-04-28','2024-04-28 21:02:03','2024-04-28 21:02:03'),(102,1,2,233.60,'CRÉDITO','PAGO CUOTA PRESTAMO','INDIVIDUAL',16,NULL,'2024-05-06','2024-05-06 17:26:07','2024-05-06 17:26:07'),(103,4,2,36.75,'CRÉDITO','INTERES','INDIVIDUAL',16,NULL,'2024-05-06','2024-05-06 17:26:07','2024-05-06 17:26:07'),(104,3,2,36.75,'CRÉDITO','PAGO MORA','INDIVIDUAL',16,NULL,'2024-05-06','2024-05-06 17:26:07','2024-05-06 17:26:07');
/*!40000 ALTER TABLE `caja_movimientos` ENABLE KEYS */;
UNLOCK TABLES;

--
-- Table structure for table `cajas`
--

DROP TABLE IF EXISTS `cajas`;
/*!40101 SET @saved_cs_client     = @@character_set_client */;
/*!50503 SET character_set_client = utf8mb4 */;
CREATE TABLE `cajas` (
  `id` bigint unsigned NOT NULL AUTO_INCREMENT,
  `caja` varchar(255) CHARACTER SET utf8mb4 COLLATE utf8mb4_unicode_ci NOT NULL,
  `saldo` decimal(24,2) NOT NULL,
  `created_at` timestamp NULL DEFAULT NULL,
  `updated_at` timestamp NULL DEFAULT NULL,
  PRIMARY KEY (`id`)
) ENGINE=InnoDB AUTO_INCREMENT=5 DEFAULT CHARSET=utf8mb4 COLLATE=utf8mb4_unicode_ci;
/*!40101 SET character_set_client = @saved_cs_client */;

--
-- Dumping data for table `cajas`
--

LOCK TABLES `cajas` WRITE;
/*!40000 ALTER TABLE `cajas` DISABLE KEYS */;
INSERT INTO `cajas` VALUES (1,'Pago por Cuotas',23723.49,NULL,'2024-05-06 17:26:07'),(2,'Gastos Administrativos',20.00,NULL,'2024-06-04 15:22:31'),(3,'Cargos por Multa',774.30,NULL,'2024-06-04 15:22:31'),(4,'Intereses',1041.12,NULL,'2024-05-15 15:40:08');
/*!40000 ALTER TABLE `cajas` ENABLE KEYS */;
UNLOCK TABLES;

--
-- Table structure for table `clientes`
--

DROP TABLE IF EXISTS `clientes`;
/*!40101 SET @saved_cs_client     = @@character_set_client */;
/*!50503 SET character_set_client = utf8mb4 */;
CREATE TABLE `clientes` (
  `id` bigint unsigned NOT NULL AUTO_INCREMENT,
  `nombre` varchar(155) CHARACTER SET utf8mb4 COLLATE utf8mb4_unicode_ci NOT NULL,
  `segundo_nombre` varchar(155) CHARACTER SET utf8mb4 COLLATE utf8mb4_unicode_ci DEFAULT NULL,
  `paterno` varchar(155) CHARACTER SET utf8mb4 COLLATE utf8mb4_unicode_ci NOT NULL,
  `materno` varchar(255) CHARACTER SET utf8mb4 COLLATE utf8mb4_unicode_ci DEFAULT NULL,
  `dir` varchar(300) CHARACTER SET utf8mb4 COLLATE utf8mb4_unicode_ci NOT NULL,
  `ci` varchar(155) CHARACTER SET utf8mb4 COLLATE utf8mb4_unicode_ci NOT NULL,
  `ci_exp` varchar(155) CHARACTER SET utf8mb4 COLLATE utf8mb4_unicode_ci NOT NULL,
  `cel` varchar(155) CHARACTER SET utf8mb4 COLLATE utf8mb4_unicode_ci NOT NULL,
  `fono` varchar(155) CHARACTER SET utf8mb4 COLLATE utf8mb4_unicode_ci DEFAULT NULL,
  `edad` int NOT NULL,
  `referencia` varchar(500) CHARACTER SET utf8mb4 COLLATE utf8mb4_unicode_ci NOT NULL,
  `cel_ref` varchar(155) CHARACTER SET utf8mb4 COLLATE utf8mb4_unicode_ci NOT NULL,
  `parentesco` varchar(255) CHARACTER SET utf8mb4 COLLATE utf8mb4_unicode_ci NOT NULL,
  `fecha_registro` date NOT NULL,
  `created_at` timestamp NULL DEFAULT NULL,
  `updated_at` timestamp NULL DEFAULT NULL,
  PRIMARY KEY (`id`)
) ENGINE=InnoDB AUTO_INCREMENT=38 DEFAULT CHARSET=utf8mb4 COLLATE=utf8mb4_unicode_ci;
/*!40101 SET character_set_client = @saved_cs_client */;

--
-- Dumping data for table `clientes`
--

LOCK TABLES `clientes` WRITE;
/*!40000 ALTER TABLE `clientes` DISABLE KEYS */;
INSERT INTO `clientes` VALUES (1,'JUAN','JORGE','ROMERO','GUTI','ZONA PABON CALLE 1 N° 9','7636519','LP','74439649','',33,'JOSE ROMERO','75539739','PADRE','2024-01-29','2024-01-29 20:44:36','2024-01-29 20:44:36'),(2,'JOSE','PEDRO','MAMANI','ORTEGA','CALLE 1 N 9','12345678','LP','75512351','123456',31,'RENE MAMANI','78821765','PRIMO','2024-02-04','2024-02-04 23:02:48','2024-02-04 23:02:48'),(3,'DAVID','JOSE','MAMANI','PEDRIEL','CALLE COROICO N8','1234512345','LP','76651423','1432156',33,'CRISTIAN CHINCHA','73342123','PRIMO','2024-02-04','2024-02-04 23:06:22','2024-02-04 23:06:22'),(4,'DAVID','JOSE','PERICO','LUNA','CALLE COROICO','123123','LP','78834321','2415267',31,'RAUL','78821456','PRIMO','2024-02-07','2024-02-07 21:40:40','2024-02-07 21:40:40'),(5,'ANA','MARIA','BURGOS','','CALLE PEREZ','1234431','CB','76643212','124152',33,'ROXANA MAMANI','63352123','HERMANA','2024-02-07','2024-02-07 22:05:03','2024-02-07 22:05:03'),(6,'MELVI','JUANA','MAMANI','MAMANI','CALLE ORURO','12341234','SC','75543123','12334567',29,'GERALD MALDONADO','6554323','ESPOSO','2024-02-07','2024-02-07 22:08:25','2024-02-07 22:08:25'),(7,'ALEJANDRO','RENE','ANDRADE','MAMANI','CALLE LA PAZ','123321','LP','75536524','123456',25,'JOSE MAMANI','75532123','PRIMO','2024-02-26','2024-02-26 21:54:31','2024-02-26 21:54:31'),(8,'DAVID','JOSE','PANDO','OVANDO','CALLE 4','876765','CB','73312345','7643123',43,'RAUL OVANDO','74459803','PRIMO','2024-02-26','2024-02-26 22:02:30','2024-02-26 22:02:30'),(9,'JUAN','','ESPINOZA','SUAREZ','CALLE 5','5498123','LP','75538975','',36,'ZUNILDA ESPINOSA','76641231','MADRE','2024-02-26','2024-02-26 22:02:30','2024-02-26 22:02:30'),(10,'SANDRA','','GUZMAN','ALVARES','CALLE ORURO','7656781','OR','76609132','',34,'MAGDA ALVARES','73321510','MADRE','2024-02-26','2024-02-26 22:02:30','2024-02-26 22:02:30'),(11,'ZULMA','','AGUIRRE','CONDO','CALLE POTOSI','12344321','PT','71123312','',43,'JOSE AGUIRRE','78812056','PADRE','2024-02-26','2024-02-26 22:29:12','2024-02-26 22:29:12'),(12,'JOSE','ARMANDO','PATI','GONZALES','CALLE COROICO','7654654','BN','73312534','',33,'PEDRO MAMANI','74453412','PRIMO','2024-03-19','2024-03-19 22:39:40','2024-03-19 22:39:40'),(13,'JOSE','DAVID','ARZABE','PUMA','CALLE BUSTAMANTE','2198567','SC','73351426','',44,'EDGAR MALDONADO POZO','73364512','PRIMO','2024-03-19','2024-03-19 22:39:40','2024-03-19 22:39:40'),(14,'EDGAR','','MAMANI','PEREZ','CALLE LANDAETA 1342','67776983','CB','76628123','',37,'PEDRO MAMANI','78836152','HERMANO','2024-03-19','2024-03-19 22:39:40','2024-03-19 22:39:40'),(15,'HUMBERTO','','POMIER','MAMANI','CALLE BUSH','8709343','CH','78821432','',46,'JOSE POMIER','74453123','HERMANO','2024-03-19','2024-03-19 22:46:06','2024-03-19 22:46:06'),(16,'JOSE','PEDRO','MAMANI','ORTIS','ZONA FATIMA CALLE 4 N° 132','98765432','LP','74426354','2315467',26,'CRISTIAN MAMANI ORTIS','75512948','HERMANO','2024-04-24','2024-04-24 14:42:09','2024-04-24 14:42:09'),(17,'CRISTIAN','ALBERTO','POMA','CRUZ','ZONA MIRAFLORES CALLE HAITI N° 1458','87654321','CB','72251948','2264726',35,'MARIA POMA CRUZ','73351038','HERMANA','2024-04-24','2024-04-24 14:46:04','2024-04-24 14:46:04'),(18,'DAVID','JOSE','ALVARES','ALMARAS','CALLE SUCRE N 1234','85366327','CB','78821635','',37,'OSCAR ALVARES','73361522','PRIMO','2024-04-26','2024-04-26 23:24:22','2024-04-26 23:24:22'),(19,'JESUS','ALEJANDRO','GOMES','PEDREGAL','ZONA ARMONIA CALLE 5 N° 1962','85366328','OR','78821636','',34,'MARIA GOMES','73361532','PRIMA','2024-04-26','2024-04-26 23:26:18','2024-04-26 23:26:18'),(20,'JOSE','PEDRO','MAMANI','MAMANI','VILLA ADELA CALLE MUJIA N° 321','85366329','PT','78821637','',32,'PEDRO MAMANI CHOQUE','74463512','PADRE','2024-04-26','2024-04-26 23:31:27','2024-04-26 23:31:27'),(21,'MAURICIO','JESUS','SALINAS','CONTRERAS','MIRAFLORES CALLE COROICO N°5431','85366330','OR','78821638','',31,'ELENA CONTRERAS DAVILA','72241324','MADRE','2024-04-26','2024-04-26 23:33:43','2024-04-26 23:33:43'),(22,'HUMBERTO','JOSE','MARTINES','ACHOCALLA','CALLE PINILLA N° 1298','85366331','TJ','78821639','76621432',33,'PEDRO MARINES QUEJUMO','78854134','PRIMO','2024-04-26','2024-04-26 23:35:50','2024-04-26 23:35:50'),(23,'MARIA','ANA','PEDREGAL','MAMANI','ZONA PAMPAHASI CALLE 3 N° 746','85366332','LP','78821640','',35,'PEDRO PEDREGAL','73361524','PADRE','2024-04-26','2024-04-26 23:37:54','2024-04-26 23:37:54'),(24,'NOEMY','KAREN','MURGA','PERES','VILLA DOLORES CALLE 5 N° 8474','85366333','LP','78821641','',37,'JOSE MARGA','75534126','PADRE','2024-04-26','2024-04-26 23:41:12','2024-04-26 23:41:12'),(25,'JOSEFINA','MARIA','TRUJILLO','PORTILLO','VILLA COPACABANA CALLE BURGALETA N°5746','85366334','LP','78821642','',45,'ALFONSINA PORTILLO','7440956','MADRE','2024-04-26','2024-04-26 23:43:24','2024-04-26 23:43:24'),(26,'ANGELA','WENDI','CHOQUE','MAMANI','VILLA DOLORES CALLE 7 N°882','85366335','LP','78821643','',43,'MAURICIO CHOQUE QUISPE','75563152','PADRE','2024-04-26','2024-04-26 23:45:42','2024-04-26 23:45:42'),(27,'ALEJANDRA','ALLISON','MAMANI','CONTRERAS','CALLE POTOSI N°3612','85366336','LP','78821644','',39,'MARIA CONTRERAS CHOQUE','74461254','MADRE','2024-04-26','2024-04-26 23:53:01','2024-04-26 23:53:01'),(28,'MARIO','JESUS','MACEDA','BURGOS','CALLE UYUNI N° 462','85366337','LP','78821645','',45,'JOSE MACEDA PORTILLO','73315204','PADRE','2024-04-26','2024-04-26 23:53:01','2024-04-26 23:53:01'),(29,'KARINA','LISET','CASTRO','CORTES','CALLE PINILLAN°541','85366338','LP','78821646','',43,'LUISA CORTES MAMANI','74462351','PRIMA','2024-04-26','2024-04-26 23:53:01','2024-04-26 23:53:01'),(30,'ARIEL','VICTOR','OROZCO','URIA','CALLE 21 N°7562','85366339','LP','78821647','78847123',36,'MARIO OROZCO PATZI','78316351','PADRE','2024-04-27','2024-04-27 00:01:59','2024-04-27 00:01:59'),(31,'LUIS','MIGUEL','CHIRINOS','CHOQUE','ZUNA SUR CALLE 24 N°481','85366340','LP','78821648','75562536',36,'MARIO CHOQUE','74462152','PRIMO','2024-04-27','2024-04-27 00:05:12','2024-04-27 00:05:12'),(32,'CECILIA','MARIA','GALINDO','PERES','ZONA LLOJETA CALLE 5 N°4312','85366341','LP','78821649','',45,'DONATO GALINDO ORTIS','73361253','PADRE','2024-04-27','2024-04-27 00:12:19','2024-04-27 00:12:19'),(33,'JOSE','ALBERTO','MAMANI','ORTIS','CALLE  8 VILLA DOLORES N°7361','85366342','LP','78821650','',41,'JOSEFINA MAMANI','73351421','TIA','2024-04-27','2024-04-27 00:19:16','2024-04-27 00:19:16'),(34,'VIVIANA','','ORTIS','CORTES','BAJO SAN ANTONIO CALLE 5 N° 5726','85366343','LP','78821651','',32,'JOSE  CORTES','73361251','PRIMO','2024-04-27','2024-04-27 00:19:16','2024-04-27 00:19:16'),(35,'ALEJANDRA','ORTIS','YUJRA','ORTIS','ZONA VILLA DOLORES CALLE 6 N°3726','85366344','LP','78821652','',35,'CRISTIAN ORTIS','77461222','PADRE','2024-04-27','2024-04-27 00:19:16','2024-04-27 00:19:16'),(36,'CIELO','GRISEL','CHOQUE','PORTUGAL','ZONA SANTA ROSA CALLE 6 N° 3726','85366345','LP','78821653','',36,'SOFIA PORTUGAL','73361521','MADRE','2024-04-27','2024-04-27 00:25:47','2024-04-27 00:25:47'),(37,'PAMELA','SOFIA','CHUQUIMIA','CHOQUE','ZONA SANTA ROSA CALLE 14 N° 321','85366346','LP','78821654','',43,'SONIA CHOQUE','74462351','TIA','2024-04-27','2024-04-27 00:25:47','2024-04-27 00:25:47');
/*!40000 ALTER TABLE `clientes` ENABLE KEYS */;
UNLOCK TABLES;

--
-- Table structure for table `configuracions`
--

DROP TABLE IF EXISTS `configuracions`;
/*!40101 SET @saved_cs_client     = @@character_set_client */;
/*!50503 SET character_set_client = utf8mb4 */;
CREATE TABLE `configuracions` (
  `id` bigint unsigned NOT NULL AUTO_INCREMENT,
  `nombre_sistema` varchar(255) CHARACTER SET utf8mb4 COLLATE utf8mb4_unicode_ci NOT NULL,
  `alias` varchar(255) CHARACTER SET utf8mb4 COLLATE utf8mb4_unicode_ci DEFAULT NULL,
  `razon_social` varchar(255) CHARACTER SET utf8mb4 COLLATE utf8mb4_unicode_ci NOT NULL,
  `dir` varchar(255) CHARACTER SET utf8mb4 COLLATE utf8mb4_unicode_ci NOT NULL,
  `nit` varchar(255) CHARACTER SET utf8mb4 COLLATE utf8mb4_unicode_ci DEFAULT NULL,
  `fono` varchar(255) CHARACTER SET utf8mb4 COLLATE utf8mb4_unicode_ci DEFAULT NULL,
  `actividad` varchar(255) CHARACTER SET utf8mb4 COLLATE utf8mb4_unicode_ci DEFAULT NULL,
  `correo` varchar(255) CHARACTER SET utf8mb4 COLLATE utf8mb4_unicode_ci DEFAULT NULL,
  `logo` varchar(255) CHARACTER SET utf8mb4 COLLATE utf8mb4_unicode_ci DEFAULT NULL,
  `created_at` timestamp NULL DEFAULT NULL,
  `updated_at` timestamp NULL DEFAULT NULL,
  PRIMARY KEY (`id`)
) ENGINE=InnoDB AUTO_INCREMENT=2 DEFAULT CHARSET=utf8mb4 COLLATE=utf8mb4_unicode_ci;
/*!40101 SET character_set_client = @saved_cs_client */;

--
-- Dumping data for table `configuracions`
--

LOCK TABLES `configuracions` WRITE;
/*!40000 ALTER TABLE `configuracions` DISABLE KEYS */;
INSERT INTO `configuracions` VALUES (1,'SISMICROCREDITOS','SISMICROCREDITOS','SISMICROCREDITOS S.A.','LOS OLIVOS','11111111','7777777','ACTIVIDAD','sismicrocreditos@gmail.com','1700500875_logo.png',NULL,'2023-12-05 18:48:08');
/*!40000 ALTER TABLE `configuracions` ENABLE KEYS */;
UNLOCK TABLES;

--
-- Table structure for table `desembolsos`
--

DROP TABLE IF EXISTS `desembolsos`;
/*!40101 SET @saved_cs_client     = @@character_set_client */;
/*!50503 SET character_set_client = utf8mb4 */;
CREATE TABLE `desembolsos` (
  `id` bigint unsigned NOT NULL AUTO_INCREMENT,
  `user_id` bigint unsigned NOT NULL,
  `tipo_prestamo` varchar(155) CHARACTER SET utf8mb4 COLLATE utf8mb4_unicode_ci DEFAULT NULL,
  `prestamo_id` bigint unsigned DEFAULT NULL,
  `grupo_id` bigint unsigned DEFAULT NULL,
  `monto` decimal(24,2) NOT NULL,
  `cancelado` varchar(100) CHARACTER SET utf8mb4 COLLATE utf8mb4_unicode_ci NOT NULL,
  `fecha_registro` date NOT NULL,
  `created_at` timestamp NULL DEFAULT NULL,
  `updated_at` timestamp NULL DEFAULT NULL,
  PRIMARY KEY (`id`),
  KEY `user_id` (`user_id`),
  KEY `prestamo_id` (`prestamo_id`),
  KEY `grupo_id` (`grupo_id`),
  CONSTRAINT `desembolsos_ibfk_1` FOREIGN KEY (`user_id`) REFERENCES `users` (`id`),
  CONSTRAINT `desembolsos_ibfk_2` FOREIGN KEY (`prestamo_id`) REFERENCES `prestamos` (`id`),
  CONSTRAINT `desembolsos_ibfk_3` FOREIGN KEY (`grupo_id`) REFERENCES `grupos` (`id`)
) ENGINE=InnoDB AUTO_INCREMENT=16 DEFAULT CHARSET=utf8mb4 COLLATE=utf8mb4_unicode_ci;
/*!40101 SET character_set_client = @saved_cs_client */;

--
-- Dumping data for table `desembolsos`
--

LOCK TABLES `desembolsos` WRITE;
/*!40000 ALTER TABLE `desembolsos` DISABLE KEYS */;
INSERT INTO `desembolsos` VALUES (1,1,'INDIVIDUAL',1,NULL,20.00,'SI','2024-01-29','2024-01-29 20:55:07','2024-01-29 20:55:07'),(2,1,'INDIVIDUAL',4,NULL,40.00,'NO','2024-02-07','2024-02-07 21:42:19','2024-02-07 21:42:19'),(3,1,'GRUPAL',NULL,2,200.00,'NO','2024-03-19','2024-03-19 22:42:14','2024-03-19 22:42:14'),(4,1,'INDIVIDUAL',16,NULL,60.00,'NO','2024-04-24','2024-04-24 14:48:12','2024-04-24 14:48:12'),(5,1,'INDIVIDUAL',18,NULL,50.00,'NO','2024-04-26','2024-04-26 23:57:42','2024-04-26 23:57:42'),(6,1,'INDIVIDUAL',19,NULL,60.00,'NO','2024-04-26','2024-04-26 23:57:58','2024-04-26 23:57:58'),(7,1,'INDIVIDUAL',20,NULL,80.00,'NO','2024-04-26','2024-04-26 23:58:10','2024-04-26 23:58:10'),(8,1,'GRUPAL',NULL,4,80.00,'NO','2024-04-27','2024-04-27 00:27:23','2024-04-27 00:27:23'),(9,1,'GRUPAL',NULL,1,60.00,'NO','2024-04-27','2024-04-27 18:03:24','2024-04-27 18:03:24'),(10,1,'INDIVIDUAL',21,NULL,60.00,'NO','2024-04-28','2024-04-28 20:17:21','2024-04-28 20:17:21'),(11,1,'INDIVIDUAL',22,NULL,70.00,'NO','2024-04-28','2024-04-28 20:18:28','2024-04-28 20:18:28'),(12,1,'INDIVIDUAL',23,NULL,60.00,'NO','2024-04-28','2024-04-28 20:19:06','2024-04-28 20:19:06'),(13,1,'INDIVIDUAL',24,NULL,70.00,'NO','2024-04-28','2024-04-28 20:19:46','2024-04-28 20:19:46'),(14,1,'INDIVIDUAL',3,NULL,30.00,'NO','2024-04-28','2024-04-28 20:42:15','2024-04-28 20:42:15'),(15,1,'INDIVIDUAL',5,NULL,30.00,'NO','2024-04-28','2024-04-28 20:45:37','2024-04-28 20:45:37');
/*!40000 ALTER TABLE `desembolsos` ENABLE KEYS */;
UNLOCK TABLES;

--
-- Table structure for table `grupo_plan_pagos`
--

DROP TABLE IF EXISTS `grupo_plan_pagos`;
/*!40101 SET @saved_cs_client     = @@character_set_client */;
/*!50503 SET character_set_client = utf8mb4 */;
CREATE TABLE `grupo_plan_pagos` (
  `id` bigint unsigned NOT NULL AUTO_INCREMENT,
  `grupo_id` bigint unsigned NOT NULL,
  `nro_cuota` int NOT NULL,
  `saldo_inicial` decimal(24,2) NOT NULL,
  `capital` decimal(24,2) NOT NULL,
  `interes` decimal(24,2) NOT NULL,
  `saldo` decimal(24,2) NOT NULL,
  `cuota` decimal(24,2) NOT NULL,
  `cancelado` varchar(100) CHARACTER SET utf8mb4 COLLATE utf8mb4_unicode_ci NOT NULL,
  `fecha_pago` date DEFAULT NULL,
  `created_at` timestamp NULL DEFAULT NULL,
  `updated_at` timestamp NULL DEFAULT NULL,
  PRIMARY KEY (`id`),
  KEY `grupo_id` (`grupo_id`),
  CONSTRAINT `grupo_plan_pagos_ibfk_1` FOREIGN KEY (`grupo_id`) REFERENCES `grupos` (`id`)
) ENGINE=InnoDB AUTO_INCREMENT=61 DEFAULT CHARSET=utf8mb4 COLLATE=utf8mb4_unicode_ci;
/*!40101 SET character_set_client = @saved_cs_client */;

--
-- Dumping data for table `grupo_plan_pagos`
--

LOCK TABLES `grupo_plan_pagos` WRITE;
/*!40000 ALTER TABLE `grupo_plan_pagos` DISABLE KEYS */;
INSERT INTO `grupo_plan_pagos` VALUES (1,1,1,3000.00,233.60,36.75,2766.40,270.35,'NO','2024-05-04','2024-02-26 22:02:30','2024-04-27 18:02:40'),(2,1,2,2766.40,236.46,33.89,2529.94,270.35,'NO','2024-05-11','2024-02-26 22:02:30','2024-04-27 18:02:40'),(3,1,3,2529.94,239.35,30.99,2290.59,270.35,'NO','2024-05-18','2024-02-26 22:02:30','2024-04-27 18:02:40'),(4,1,4,2290.59,242.29,28.06,2048.30,270.35,'NO','2024-05-25','2024-02-26 22:02:30','2024-04-27 18:02:40'),(5,1,5,2048.30,245.25,25.09,1803.05,270.35,'NO','2024-06-01','2024-02-26 22:02:30','2024-04-27 18:02:40'),(6,1,6,1803.05,248.26,22.09,1554.79,270.35,'NO','2024-06-08','2024-02-26 22:02:30','2024-04-27 18:02:40'),(7,1,7,1554.79,251.30,19.05,1303.49,270.35,'NO','2024-06-15','2024-02-26 22:02:30','2024-04-27 18:02:40'),(8,1,8,1303.49,254.38,15.97,1049.11,270.35,'NO','2024-06-22','2024-02-26 22:02:30','2024-04-27 18:02:40'),(9,1,9,1049.11,257.49,12.85,791.62,270.35,'NO','2024-06-29','2024-02-26 22:02:30','2024-04-27 18:02:40'),(10,1,10,791.62,260.65,9.70,530.97,270.35,'NO','2024-07-06','2024-02-26 22:02:30','2024-04-27 18:02:40'),(11,1,11,530.97,263.84,6.50,267.13,270.35,'NO','2024-07-13','2024-02-26 22:02:30','2024-04-27 18:02:40'),(12,1,12,267.13,267.13,3.27,0.00,270.35,'NO','2024-07-20','2024-02-26 22:02:30','2024-04-27 18:02:40'),(13,2,1,10000.00,778.67,122.50,9221.33,901.17,'SI','2024-03-26','2024-03-19 22:39:40','2024-04-27 18:16:18'),(14,2,2,9221.33,788.20,112.96,8433.12,901.17,'SI','2024-04-02','2024-03-19 22:39:40','2024-04-27 18:18:03'),(15,2,3,8433.13,797.86,103.31,7635.27,901.17,'SI','2024-04-09','2024-03-19 22:39:40','2024-04-27 18:19:12'),(16,2,4,7635.27,807.63,93.53,6827.64,901.17,'SI','2024-04-16','2024-03-19 22:39:40','2024-04-27 18:19:21'),(17,2,5,6827.64,817.53,83.64,6010.11,901.17,'SI','2024-04-23','2024-03-19 22:39:40','2024-04-27 18:19:32'),(18,2,6,6010.11,827.54,73.62,5182.57,901.17,'NO','2024-04-30','2024-03-19 22:39:40','2024-03-19 22:40:33'),(19,2,7,5182.57,837.68,63.49,4344.88,901.17,'NO','2024-05-07','2024-03-19 22:39:40','2024-03-19 22:40:33'),(20,2,8,4344.89,847.94,53.22,3496.94,901.17,'NO','2024-05-14','2024-03-19 22:39:40','2024-03-19 22:40:33'),(21,2,9,3496.95,858.33,42.84,2638.61,901.17,'NO','2024-05-21','2024-03-19 22:39:40','2024-03-19 22:40:33'),(22,2,10,2638.62,868.84,32.32,1769.77,901.17,'NO','2024-05-28','2024-03-19 22:39:40','2024-03-19 22:40:33'),(23,2,11,1769.78,879.49,21.68,890.28,901.17,'NO','2024-06-04','2024-03-19 22:39:40','2024-03-19 22:40:33'),(24,2,12,890.29,890.29,10.91,0.00,901.17,'NO','2024-06-11','2024-03-19 22:39:40','2024-03-19 22:40:33'),(25,3,1,5000.00,389.33,61.25,4610.67,450.58,'NO','2024-05-06','2024-04-26 23:53:01','2024-04-26 23:56:48'),(26,3,2,4610.67,394.09,56.48,4216.58,450.58,'NO','2024-05-13','2024-04-26 23:53:01','2024-04-26 23:56:48'),(27,3,3,4216.58,398.92,51.65,3817.66,450.58,'NO','2024-05-20','2024-04-26 23:53:01','2024-04-26 23:56:48'),(28,3,4,3817.66,403.81,46.77,3413.85,450.58,'NO','2024-05-27','2024-04-26 23:53:01','2024-04-26 23:56:48'),(29,3,5,3413.85,408.76,41.82,3005.09,450.58,'NO','2024-06-03','2024-04-26 23:53:01','2024-04-26 23:56:48'),(30,3,6,3005.09,413.76,36.81,2591.33,450.58,'NO','2024-06-10','2024-04-26 23:53:01','2024-04-26 23:56:48'),(31,3,7,2591.33,418.83,31.74,2172.50,450.58,'NO','2024-06-17','2024-04-26 23:53:01','2024-04-26 23:56:48'),(32,3,8,2172.50,423.96,26.61,1748.54,450.58,'NO','2024-06-24','2024-04-26 23:53:01','2024-04-26 23:56:48'),(33,3,9,1748.54,429.16,21.42,1319.38,450.58,'NO','2024-07-01','2024-04-26 23:53:01','2024-04-26 23:56:48'),(34,3,10,1319.38,434.41,16.16,884.96,450.58,'NO','2024-07-08','2024-04-26 23:53:01','2024-04-26 23:56:48'),(35,3,11,884.97,439.73,10.84,445.23,450.58,'NO','2024-07-15','2024-04-26 23:53:01','2024-04-26 23:56:48'),(36,3,12,445.24,445.24,5.45,0.00,450.58,'NO','2024-07-22','2024-04-26 23:53:01','2024-04-26 23:56:48'),(37,4,1,4000.00,311.47,49.00,3688.53,360.47,'NO','2024-05-04','2024-04-27 00:19:16','2024-04-27 00:26:13'),(38,4,2,3688.53,315.28,45.18,3373.25,360.47,'NO','2024-05-11','2024-04-27 00:19:16','2024-04-27 00:26:13'),(39,4,3,3373.25,319.14,41.32,3054.11,360.47,'NO','2024-05-18','2024-04-27 00:19:16','2024-04-27 00:26:13'),(40,4,4,3054.11,323.05,37.41,2731.06,360.47,'NO','2024-05-25','2024-04-27 00:19:16','2024-04-27 00:26:13'),(41,4,5,2731.06,327.01,33.46,2404.05,360.47,'NO','2024-06-01','2024-04-27 00:19:16','2024-04-27 00:26:13'),(42,4,6,2404.05,331.02,29.45,2073.03,360.47,'NO','2024-06-08','2024-04-27 00:19:16','2024-04-27 00:26:13'),(43,4,7,2073.03,335.07,25.39,1737.96,360.47,'NO','2024-06-15','2024-04-27 00:19:16','2024-04-27 00:26:13'),(44,4,8,1737.96,339.17,21.29,1398.79,360.47,'NO','2024-06-22','2024-04-27 00:19:16','2024-04-27 00:26:13'),(45,4,9,1398.79,343.33,17.14,1055.46,360.47,'NO','2024-06-29','2024-04-27 00:19:16','2024-04-27 00:26:13'),(46,4,10,1055.46,347.54,12.93,707.92,360.47,'NO','2024-07-06','2024-04-27 00:19:16','2024-04-27 00:26:13'),(47,4,11,707.92,351.79,8.67,356.13,360.47,'NO','2024-07-13','2024-04-27 00:19:16','2024-04-27 00:26:13'),(48,4,12,356.13,356.13,4.36,0.00,360.47,'NO','2024-07-20','2024-04-27 00:19:16','2024-04-27 00:26:13'),(49,5,1,3000.00,233.60,36.75,2766.40,270.35,'NO','2024-05-06','2024-04-27 00:25:47','2024-04-27 00:27:05'),(50,5,2,2766.40,236.46,33.89,2529.94,270.35,'NO','2024-05-13','2024-04-27 00:25:47','2024-04-27 00:27:05'),(51,5,3,2529.94,239.35,30.99,2290.59,270.35,'NO','2024-05-20','2024-04-27 00:25:47','2024-04-27 00:27:05'),(52,5,4,2290.59,242.29,28.06,2048.30,270.35,'NO','2024-05-27','2024-04-27 00:25:47','2024-04-27 00:27:05'),(53,5,5,2048.30,245.25,25.09,1803.05,270.35,'NO','2024-06-03','2024-04-27 00:25:47','2024-04-27 00:27:05'),(54,5,6,1803.05,248.26,22.09,1554.79,270.35,'NO','2024-06-10','2024-04-27 00:25:47','2024-04-27 00:27:05'),(55,5,7,1554.79,251.30,19.05,1303.49,270.35,'NO','2024-06-17','2024-04-27 00:25:47','2024-04-27 00:27:05'),(56,5,8,1303.49,254.38,15.97,1049.11,270.35,'NO','2024-06-24','2024-04-27 00:25:47','2024-04-27 00:27:05'),(57,5,9,1049.11,257.49,12.85,791.62,270.35,'NO','2024-07-01','2024-04-27 00:25:47','2024-04-27 00:27:05'),(58,5,10,791.62,260.65,9.70,530.97,270.35,'NO','2024-07-08','2024-04-27 00:25:47','2024-04-27 00:27:05'),(59,5,11,530.97,263.84,6.50,267.13,270.35,'NO','2024-07-15','2024-04-27 00:25:47','2024-04-27 00:27:05'),(60,5,12,267.13,267.13,3.27,0.00,270.35,'NO','2024-07-22','2024-04-27 00:25:47','2024-04-27 00:27:05');
/*!40000 ALTER TABLE `grupo_plan_pagos` ENABLE KEYS */;
UNLOCK TABLES;

--
-- Table structure for table `grupos`
--

DROP TABLE IF EXISTS `grupos`;
/*!40101 SET @saved_cs_client     = @@character_set_client */;
/*!50503 SET character_set_client = utf8mb4 */;
CREATE TABLE `grupos` (
  `id` bigint unsigned NOT NULL AUTO_INCREMENT,
  `user_id` bigint unsigned NOT NULL,
  `user_desembolso_id` bigint unsigned DEFAULT NULL,
  `user_aprobado_id` bigint unsigned DEFAULT NULL,
  `nombre` varchar(255) CHARACTER SET utf8mb4 COLLATE utf8mb4_unicode_ci NOT NULL,
  `integrantes` int NOT NULL,
  `monto` decimal(24,2) NOT NULL,
  `plazo` int NOT NULL,
  `desembolso` int NOT NULL DEFAULT '0',
  `fecha_desembolso` date DEFAULT NULL,
  `estado` varchar(155) CHARACTER SET utf8mb4 COLLATE utf8mb4_unicode_ci NOT NULL,
  `finalizado` int NOT NULL DEFAULT '0',
  `fecha_aprobado` date DEFAULT NULL,
  `fecha_rechazado` date DEFAULT NULL,
  `fecha_registro` date DEFAULT NULL,
  `created_at` timestamp NULL DEFAULT NULL,
  `updated_at` timestamp NULL DEFAULT NULL,
  PRIMARY KEY (`id`),
  UNIQUE KEY `grupos_nombre_unique` (`nombre`)
) ENGINE=InnoDB AUTO_INCREMENT=6 DEFAULT CHARSET=utf8mb4 COLLATE=utf8mb4_unicode_ci;
/*!40101 SET character_set_client = @saved_cs_client */;

--
-- Dumping data for table `grupos`
--

LOCK TABLES `grupos` WRITE;
/*!40000 ALTER TABLE `grupos` DISABLE KEYS */;
INSERT INTO `grupos` VALUES (1,1,1,1,'LOS PUNTUALES',3,3000.00,12,1,'2024-04-27','APROBADO',0,'2024-02-26',NULL,'2024-02-26','2024-02-26 22:02:30','2024-04-27 18:03:24'),(2,1,1,1,'GRUPO SARATE',3,10000.00,12,1,'2024-03-19','APROBADO',0,'2024-03-19',NULL,'2024-03-19','2024-03-19 22:39:40','2024-03-19 22:42:14'),(3,1,NULL,1,'GRUPO MAMANI',3,5000.00,12,0,'2024-04-29','APROBADO',0,'2024-04-26',NULL,'2024-04-26','2024-04-26 23:53:01','2024-04-26 23:56:48'),(4,1,1,1,'GRUPO ORTIS',3,4000.00,12,1,'2024-04-27','APROBADO',0,'2024-04-27',NULL,'2024-04-27','2024-04-27 00:19:16','2024-04-27 00:27:23'),(5,1,NULL,1,'GRUPO',2,3000.00,12,0,'2024-04-29','APROBADO',0,'2024-04-27',NULL,'2024-04-27','2024-04-27 00:25:47','2024-04-27 00:27:05');
/*!40000 ALTER TABLE `grupos` ENABLE KEYS */;
UNLOCK TABLES;

--
-- Table structure for table `historial_accions`
--

DROP TABLE IF EXISTS `historial_accions`;
/*!40101 SET @saved_cs_client     = @@character_set_client */;
/*!50503 SET character_set_client = utf8mb4 */;
CREATE TABLE `historial_accions` (
  `id` bigint unsigned NOT NULL AUTO_INCREMENT,
  `user_id` bigint unsigned NOT NULL,
  `accion` varchar(155) CHARACTER SET utf8mb4 COLLATE utf8mb4_unicode_ci NOT NULL,
  `descripcion` text CHARACTER SET utf8mb4 COLLATE utf8mb4_unicode_ci NOT NULL,
  `datos_original` text CHARACTER SET utf8mb4 COLLATE utf8mb4_unicode_ci,
  `datos_nuevo` text CHARACTER SET utf8mb4 COLLATE utf8mb4_unicode_ci,
  `modulo` varchar(155) CHARACTER SET utf8mb4 COLLATE utf8mb4_unicode_ci NOT NULL,
  `fecha` date NOT NULL,
  `hora` time NOT NULL,
  `created_at` timestamp NULL DEFAULT NULL,
  `updated_at` timestamp NULL DEFAULT NULL,
  PRIMARY KEY (`id`),
  KEY `user_id` (`user_id`),
  CONSTRAINT `historial_accions_ibfk_1` FOREIGN KEY (`user_id`) REFERENCES `users` (`id`)
) ENGINE=InnoDB AUTO_INCREMENT=122 DEFAULT CHARSET=utf8mb4 COLLATE=utf8mb4_unicode_ci;
/*!40101 SET character_set_client = @saved_cs_client */;

--
-- Dumping data for table `historial_accions`
--

LOCK TABLES `historial_accions` WRITE;
/*!40000 ALTER TABLE `historial_accions` DISABLE KEYS */;
INSERT INTO `historial_accions` VALUES (1,1,'CREACIÓN','EL USUARIO  REGISTRO UN CLIENTE','cel: 74439649<br/>cel_ref: 75539739<br/>ci: 7636519<br/>ci_exp: LP<br/>created_at: 2024-01-29 20:44:36<br/>dir: ZONA PABON CALLE 1 N° 9<br/>edad: 33<br/>fecha_registro: 2024-01-29<br/>fono: <br/>id: 1<br/>materno: GUTI<br/>nombre: JUAN<br/>parentesco: PADRE<br/>paterno: ROMERO<br/>referencia: JOSE ROMERO<br/>segundo_nombre: JORGE<br/>updated_at: 2024-01-29 20:44:36<br/>',NULL,'CLIENTES','2024-01-29','20:44:36','2024-01-29 20:44:36','2024-01-29 20:44:36'),(2,1,'CREACIÓN','EL USUARIO admin REGISTRO UN PRESTAMO','cliente_id: 1<br/>created_at: 2024-01-29 20:51:57<br/>croquis: 1<br/>desembolso: <br/>documento_1: MOto<br/>documento_2: <br/>documento_3: <br/>documento_4: <br/>estado: PRE APROBADO<br/>f_agua: 1<br/>f_ci: 1<br/>f_luz: 1<br/>fecha_desembolso: <br/>fecha_registro: 2024-01-29<br/>finalizado: <br/>grupo_id: <br/>id: 1<br/>monto: 1000<br/>plazo: 12<br/>tipo: INDIVIDUAL<br/>updated_at: 2024-01-29 20:51:57<br/>user_aprobado_id: <br/>user_desembolso_id: <br/>user_id: 1<br/>',NULL,'PRESTAMOS','2024-01-29','20:51:57','2024-01-29 20:51:57','2024-01-29 20:51:57'),(3,1,'MODIFICACIÓN','EL USUARIO admin APROBO UN PRÉSTAMO','cliente_id: 1<br/>created_at: 2024-01-29 20:51:57<br/>croquis: 1<br/>desembolso: 0<br/>documento_1: MOto<br/>documento_2: <br/>documento_3: <br/>documento_4: <br/>estado: PRE APROBADO<br/>f_agua: 1<br/>f_ci: 1<br/>f_luz: 1<br/>fecha_desembolso: <br/>fecha_registro: 2024-01-29<br/>finalizado: 0<br/>grupo_id: <br/>id: 1<br/>monto: 1000.00<br/>plazo: 12<br/>tipo: INDIVIDUAL<br/>updated_at: 2024-01-29 20:51:57<br/>user_aprobado_id: <br/>user_desembolso_id: <br/>user_id: 1<br/>','cliente_id: 1<br/>created_at: 2024-01-29 20:51:57<br/>croquis: 1<br/>desembolso: 0<br/>documento_1: MOto<br/>documento_2: <br/>documento_3: <br/>documento_4: <br/>estado: APROBADO<br/>f_agua: 1<br/>f_ci: 1<br/>f_luz: 1<br/>fecha_desembolso: 2024-01-29<br/>fecha_registro: 2024-01-29<br/>finalizado: 0<br/>grupo_id: <br/>id: 1<br/>monto: 1000.00<br/>plazo: 12<br/>tipo: INDIVIDUAL<br/>updated_at: 2024-01-29 20:53:28<br/>user_aprobado_id: 1<br/>user_desembolso_id: <br/>user_id: 1<br/>','PRESTAMOS','2024-01-29','20:53:28','2024-01-29 20:53:28','2024-01-29 20:53:28'),(4,1,'CREACIÓN','EL USUARIO  REGISTRO UN MOVIMINETO DE CAJA','caja_id: 1<br/>created_at: 2024-01-29 20:54:34<br/>fecha_registro: 2024-01-29<br/>glosa: ABONO CAPITAL<br/>grupo_id: <br/>id: 1<br/>monto: 10000<br/>prestamo_id: <br/>tipo: CRÉDITO<br/>tipo_prestamo: <br/>updated_at: 2024-01-29 20:54:34<br/>user_id: 1<br/>',NULL,'CAJA','2024-01-29','20:54:34','2024-01-29 20:54:34','2024-01-29 20:54:34'),(5,1,'MODIFICACIÓN','EL USUARIO admin REALIZÓ EL DESEMBOLSO DE UN PRESTAMO','cliente_id: 1<br/>created_at: 2024-01-29 20:51:57<br/>croquis: 1<br/>desembolso: 0<br/>documento_1: MOto<br/>documento_2: <br/>documento_3: <br/>documento_4: <br/>estado: APROBADO<br/>f_agua: 1<br/>f_ci: 1<br/>f_luz: 1<br/>fecha_desembolso: 2024-01-29<br/>fecha_registro: 2024-01-29<br/>finalizado: 0<br/>grupo_id: <br/>id: 1<br/>monto: 1000.00<br/>plazo: 12<br/>tipo: INDIVIDUAL<br/>updated_at: 2024-01-29 20:53:28<br/>user_aprobado_id: 1<br/>user_desembolso_id: <br/>user_id: 1<br/>','cliente_id: 1<br/>created_at: 2024-01-29 20:51:57<br/>croquis: 1<br/>desembolso: 1<br/>documento_1: MOto<br/>documento_2: <br/>documento_3: <br/>documento_4: <br/>estado: APROBADO<br/>f_agua: 1<br/>f_ci: 1<br/>f_luz: 1<br/>fecha_desembolso: 2024-01-29<br/>fecha_registro: 2024-01-29<br/>finalizado: 0<br/>grupo_id: <br/>id: 1<br/>monto: 1000.00<br/>plazo: 12<br/>tipo: INDIVIDUAL<br/>updated_at: 2024-01-29 20:55:07<br/>user_aprobado_id: 1<br/>user_desembolso_id: 1<br/>user_id: 1<br/>','PRESTAMOS','2024-01-29','20:55:07','2024-01-29 20:55:07','2024-01-29 20:55:07'),(6,1,'CREACIÓN','EL USUARIO admin REGISTRO UN PRESTAMO','cliente_id: 2<br/>created_at: 2024-02-04 23:02:48<br/>croquis: 1<br/>desembolso: <br/>documento_1: Auto<br/>documento_2: <br/>documento_3: <br/>documento_4: <br/>estado: PRE APROBADO<br/>f_agua: 1<br/>f_ci: 1<br/>f_luz: 1<br/>fecha_desembolso: <br/>fecha_registro: 2024-02-04<br/>finalizado: <br/>grupo_id: <br/>id: 2<br/>monto: 5000<br/>plazo: 12<br/>tipo: INDIVIDUAL<br/>updated_at: 2024-02-04 23:02:48<br/>user_aprobado_id: <br/>user_desembolso_id: <br/>user_id: 1<br/>',NULL,'PRESTAMOS','2024-02-04','23:02:48','2024-02-04 23:02:48','2024-02-04 23:02:48'),(7,1,'MODIFICACIÓN','EL USUARIO admin APROBO UN PRÉSTAMO','cliente_id: 2<br/>created_at: 2024-02-04 23:02:48<br/>croquis: 1<br/>desembolso: 0<br/>documento_1: Auto<br/>documento_2: <br/>documento_3: <br/>documento_4: <br/>estado: PRE APROBADO<br/>f_agua: 1<br/>f_ci: 1<br/>f_luz: 1<br/>fecha_desembolso: <br/>fecha_registro: 2024-02-04<br/>finalizado: 0<br/>grupo_id: <br/>id: 2<br/>monto: 5000.00<br/>plazo: 12<br/>tipo: INDIVIDUAL<br/>updated_at: 2024-02-04 23:02:48<br/>user_aprobado_id: <br/>user_desembolso_id: <br/>user_id: 1<br/>','cliente_id: 2<br/>created_at: 2024-02-04 23:02:48<br/>croquis: 1<br/>desembolso: 0<br/>documento_1: Auto<br/>documento_2: <br/>documento_3: <br/>documento_4: <br/>estado: APROBADO<br/>f_agua: 1<br/>f_ci: 1<br/>f_luz: 1<br/>fecha_desembolso: 2024-02-05<br/>fecha_registro: 2024-02-04<br/>finalizado: 0<br/>grupo_id: <br/>id: 2<br/>monto: 5000.00<br/>plazo: 12<br/>tipo: INDIVIDUAL<br/>updated_at: 2024-02-04 23:03:29<br/>user_aprobado_id: 1<br/>user_desembolso_id: <br/>user_id: 1<br/>','PRESTAMOS','2024-02-04','23:03:29','2024-02-04 23:03:29','2024-02-04 23:03:29'),(8,1,'CREACIÓN','EL USUARIO admin REGISTRO UN PRESTAMO','cliente_id: 3<br/>created_at: 2024-02-04 23:06:22<br/>croquis: 1<br/>desembolso: <br/>documento_1: Auto<br/>documento_2: <br/>documento_3: <br/>documento_4: <br/>estado: PRE APROBADO<br/>f_agua: 1<br/>f_ci: 1<br/>f_luz: 1<br/>fecha_desembolso: <br/>fecha_registro: 2024-02-04<br/>finalizado: <br/>grupo_id: <br/>id: 3<br/>monto: 1500<br/>plazo: 12<br/>tipo: INDIVIDUAL<br/>updated_at: 2024-02-04 23:06:22<br/>user_aprobado_id: <br/>user_desembolso_id: <br/>user_id: 1<br/>',NULL,'PRESTAMOS','2024-02-04','23:06:22','2024-02-04 23:06:22','2024-02-04 23:06:22'),(9,1,'MODIFICACIÓN','EL USUARIO admin APROBO UN PRÉSTAMO','cliente_id: 3<br/>created_at: 2024-02-04 23:06:22<br/>croquis: 1<br/>desembolso: 0<br/>documento_1: Auto<br/>documento_2: <br/>documento_3: <br/>documento_4: <br/>estado: PRE APROBADO<br/>f_agua: 1<br/>f_ci: 1<br/>f_luz: 1<br/>fecha_desembolso: <br/>fecha_registro: 2024-02-04<br/>finalizado: 0<br/>grupo_id: <br/>id: 3<br/>monto: 1500.00<br/>plazo: 12<br/>tipo: INDIVIDUAL<br/>updated_at: 2024-02-04 23:06:22<br/>user_aprobado_id: <br/>user_desembolso_id: <br/>user_id: 1<br/>','cliente_id: 3<br/>created_at: 2024-02-04 23:06:22<br/>croquis: 1<br/>desembolso: 0<br/>documento_1: Auto<br/>documento_2: <br/>documento_3: <br/>documento_4: <br/>estado: APROBADO<br/>f_agua: 1<br/>f_ci: 1<br/>f_luz: 1<br/>fecha_desembolso: 2024-02-05<br/>fecha_registro: 2024-02-04<br/>finalizado: 0<br/>grupo_id: <br/>id: 3<br/>monto: 1500.00<br/>plazo: 12<br/>tipo: INDIVIDUAL<br/>updated_at: 2024-02-04 23:06:39<br/>user_aprobado_id: 1<br/>user_desembolso_id: <br/>user_id: 1<br/>','PRESTAMOS','2024-02-04','23:06:39','2024-02-04 23:06:39','2024-02-04 23:06:39'),(10,1,'CREACIÓN','EL USUARIO admin REGISTRO UN PRESTAMO','id: 4<br/>user_id: 1<br/>user_desembolso_id: <br/>user_aprobado_id: <br/>cliente_id: 4<br/>tipo: INDIVIDUAL<br/>grupo_id: <br/>monto: 2000<br/>plazo: 12<br/>f_ci: 1<br/>f_luz: 1<br/>f_agua: 1<br/>croquis: 1<br/>documento_1: movilidad<br/>documento_2: <br/>documento_3: <br/>documento_4: <br/>estado: PRE APROBADO<br/>desembolso: <br/>finalizado: <br/>fecha_desembolso: <br/>fecha_registro: 2024-02-07<br/>created_at: 2024-02-07 21:40:40<br/>updated_at: 2024-02-07 21:40:40<br/>',NULL,'PRESTAMOS','2024-02-07','21:40:40','2024-02-07 21:40:40','2024-02-07 21:40:40'),(11,1,'MODIFICACIÓN','EL USUARIO admin APROBO UN PRÉSTAMO','id: 4<br/>user_id: 1<br/>user_desembolso_id: <br/>user_aprobado_id: <br/>cliente_id: 4<br/>tipo: INDIVIDUAL<br/>grupo_id: <br/>monto: 2000.00<br/>plazo: 12<br/>f_ci: 1<br/>f_luz: 1<br/>f_agua: 1<br/>croquis: 1<br/>documento_1: movilidad<br/>documento_2: <br/>documento_3: <br/>documento_4: <br/>estado: PRE APROBADO<br/>desembolso: 0<br/>finalizado: 0<br/>fecha_desembolso: <br/>fecha_registro: 2024-02-07<br/>created_at: 2024-02-07 21:40:40<br/>updated_at: 2024-02-07 21:40:40<br/>','id: 4<br/>user_id: 1<br/>user_desembolso_id: <br/>user_aprobado_id: 1<br/>cliente_id: 4<br/>tipo: INDIVIDUAL<br/>grupo_id: <br/>monto: 2000.00<br/>plazo: 12<br/>f_ci: 1<br/>f_luz: 1<br/>f_agua: 1<br/>croquis: 1<br/>documento_1: movilidad<br/>documento_2: <br/>documento_3: <br/>documento_4: <br/>estado: APROBADO<br/>desembolso: 0<br/>finalizado: 0<br/>fecha_desembolso: 2024-02-07<br/>fecha_registro: 2024-02-07<br/>created_at: 2024-02-07 21:40:40<br/>updated_at: 2024-02-07 21:41:54<br/>','PRESTAMOS','2024-02-07','21:41:54','2024-02-07 21:41:54','2024-02-07 21:41:54'),(12,1,'MODIFICACIÓN','EL USUARIO admin REALIZÓ EL DESEMBOLSO DE UN PRESTAMO','id: 4<br/>user_id: 1<br/>user_desembolso_id: <br/>user_aprobado_id: 1<br/>cliente_id: 4<br/>tipo: INDIVIDUAL<br/>grupo_id: <br/>monto: 2000.00<br/>plazo: 12<br/>f_ci: 1<br/>f_luz: 1<br/>f_agua: 1<br/>croquis: 1<br/>documento_1: movilidad<br/>documento_2: <br/>documento_3: <br/>documento_4: <br/>estado: APROBADO<br/>desembolso: 0<br/>finalizado: 0<br/>fecha_desembolso: 2024-02-07<br/>fecha_registro: 2024-02-07<br/>created_at: 2024-02-07 21:40:40<br/>updated_at: 2024-02-07 21:41:54<br/>','id: 4<br/>user_id: 1<br/>user_desembolso_id: 1<br/>user_aprobado_id: 1<br/>cliente_id: 4<br/>tipo: INDIVIDUAL<br/>grupo_id: <br/>monto: 2000.00<br/>plazo: 12<br/>f_ci: 1<br/>f_luz: 1<br/>f_agua: 1<br/>croquis: 1<br/>documento_1: movilidad<br/>documento_2: <br/>documento_3: <br/>documento_4: <br/>estado: APROBADO<br/>desembolso: 1<br/>finalizado: 0<br/>fecha_desembolso: 2024-02-07<br/>fecha_registro: 2024-02-07<br/>created_at: 2024-02-07 21:40:40<br/>updated_at: 2024-02-07 21:42:19<br/>','PRESTAMOS','2024-02-07','21:42:19','2024-02-07 21:42:19','2024-02-07 21:42:19'),(13,1,'CREACIÓN','EL USUARIO  REGISTRO UN MOVIMINETO DE CAJA','id: 5<br/>caja_id: 1<br/>user_id: 1<br/>monto: 2000<br/>tipo: CRÉDITO<br/>glosa: ABONO CAPITAL<br/>tipo_prestamo: <br/>prestamo_id: <br/>grupo_id: <br/>fecha_registro: 2024-02-07<br/>created_at: 2024-02-07 21:49:18<br/>updated_at: 2024-02-07 21:49:18<br/>',NULL,'CAJA','2024-02-07','21:49:18','2024-02-07 21:49:18','2024-02-07 21:49:18'),(14,1,'CREACIÓN','EL USUARIO  REGISTRO EL SALARIO DE UN EMPLEADO','id: 1<br/>user_id: 2<br/>salario: 2300<br/>created_at: 2024-02-07 21:50:58<br/>updated_at: 2024-02-07 21:50:58<br/>',NULL,'SALARIOS','2024-02-07','21:50:58','2024-02-07 21:50:58','2024-02-07 21:50:58'),(15,1,'MODIFICACIÓN','EL USUARIO admin MODIFICÓ UN USUARIO','id: 2<br/>usuario: JPERES<br/>nombre: JUAN<br/>paterno: PERES<br/>materno: MAMANI<br/>ci: 1234<br/>ci_exp: CB<br/>tipo: CAJERO<br/>foto: <br/>password: $2y$10$.q1IOQLn2Zbg3xyQL7sSQ.Xf1HV5NNz6YGrKsSBsTziGm0sWqr9.S<br/>acceso: 1<br/>fecha_registro: 2023-11-22<br/>created_at: 2023-11-22 14:57:15<br/>updated_at: 2023-11-30 21:29:57<br/>','id: 2<br/>usuario: JPERES<br/>nombre: JUAN<br/>paterno: PERES<br/>materno: MAMANI<br/>ci: 1234<br/>ci_exp: CB<br/>tipo: CAJERO<br/>foto: <br/>password: $2y$10$20CxLe/lW60BYai5.cH5z.U1feiUY35M0w0iNWMYfmb7Lx9tz/O5i<br/>acceso: 1<br/>fecha_registro: 2023-11-22<br/>created_at: 2023-11-22 14:57:15<br/>updated_at: 2024-02-07 21:55:35<br/>','USUARIOS','2024-02-07','21:55:35','2024-02-07 21:55:35','2024-02-07 21:55:35'),(16,1,'MODIFICACIÓN','EL USUARIO admin MODIFICÓ UN USUARIO','id: 2<br/>usuario: JPERES<br/>nombre: JUAN<br/>paterno: PERES<br/>materno: MAMANI<br/>ci: 1234<br/>ci_exp: CB<br/>tipo: CAJERO<br/>foto: <br/>password: $2y$10$20CxLe/lW60BYai5.cH5z.U1feiUY35M0w0iNWMYfmb7Lx9tz/O5i<br/>acceso: 1<br/>fecha_registro: 2023-11-22<br/>created_at: 2023-11-22 14:57:15<br/>updated_at: 2024-02-07 21:55:35<br/>','id: 2<br/>usuario: JPERES<br/>nombre: JUAN<br/>paterno: PERES<br/>materno: MAMANI<br/>ci: 1234<br/>ci_exp: CB<br/>tipo: CAJERO<br/>foto: <br/>password: $2y$10$GxS.LFZt.XAd5ltQ58TOa.Ymb.ViLVIr6/SnOUXu6WisGIZv6poKS<br/>acceso: 1<br/>fecha_registro: 2023-11-22<br/>created_at: 2023-11-22 14:57:15<br/>updated_at: 2024-02-07 21:56:46<br/>','USUARIOS','2024-02-07','21:56:46','2024-02-07 21:56:46','2024-02-07 21:56:46'),(17,2,'MODIFICACIÓN','EL USUARIO JPERES REGISTRO EL PAGO DE UN PRESTAMO','id: 1<br/>user_id: 2<br/>tipo_prestamo: INDIVIDUAL<br/>prestamo_id: 1<br/>plan_pago_id: 1<br/>grupo_id: <br/>grupo_plan_pago_id: <br/>cliente_id: 1<br/>nro_cuota: 1<br/>monto: 77.87<br/>interes: 12.25<br/>dias_mora: 2<br/>monto_mora: 6<br/>monto_total: 96.12<br/>fecha_pago: 2024-02-07<br/>created_at: 2024-02-07 21:57:35<br/>updated_at: 2024-02-07 21:57:35<br/>',NULL,'PAGOS','2024-02-07','21:57:35','2024-02-07 21:57:35','2024-02-07 21:57:35'),(18,1,'CREACIÓN','EL USUARIO admin REGISTRO UN PRESTAMO','id: 5<br/>user_id: 1<br/>user_desembolso_id: <br/>user_aprobado_id: <br/>cliente_id: 5<br/>tipo: INDIVIDUAL<br/>grupo_id: <br/>monto: 1500<br/>plazo: 12<br/>f_ci: 1<br/>f_luz: 1<br/>f_agua: 1<br/>croquis: 1<br/>documento_1: camion<br/>documento_2: <br/>documento_3: <br/>documento_4: <br/>estado: PRE APROBADO<br/>desembolso: <br/>finalizado: <br/>fecha_desembolso: <br/>fecha_registro: 2024-02-07<br/>created_at: 2024-02-07 22:05:03<br/>updated_at: 2024-02-07 22:05:03<br/>',NULL,'PRESTAMOS','2024-02-07','22:05:03','2024-02-07 22:05:03','2024-02-07 22:05:03'),(19,1,'MODIFICACIÓN','EL USUARIO admin RECHAZO UN PRÉSTAMO','id: 5<br/>user_id: 1<br/>user_desembolso_id: <br/>user_aprobado_id: <br/>cliente_id: 5<br/>tipo: INDIVIDUAL<br/>grupo_id: <br/>monto: 1500.00<br/>plazo: 12<br/>f_ci: 1<br/>f_luz: 1<br/>f_agua: 1<br/>croquis: 1<br/>documento_1: camion<br/>documento_2: <br/>documento_3: <br/>documento_4: <br/>estado: PRE APROBADO<br/>desembolso: 0<br/>finalizado: 0<br/>fecha_desembolso: <br/>fecha_registro: 2024-02-07<br/>created_at: 2024-02-07 22:05:03<br/>updated_at: 2024-02-07 22:05:03<br/>','id: 5<br/>user_id: 1<br/>user_desembolso_id: <br/>user_aprobado_id: <br/>cliente_id: 5<br/>tipo: INDIVIDUAL<br/>grupo_id: <br/>monto: 1500.00<br/>plazo: 12<br/>f_ci: 1<br/>f_luz: 1<br/>f_agua: 1<br/>croquis: 1<br/>documento_1: camion<br/>documento_2: <br/>documento_3: <br/>documento_4: <br/>estado: RECHAZADO<br/>desembolso: 0<br/>finalizado: 0<br/>fecha_desembolso: <br/>fecha_registro: 2024-02-07<br/>created_at: 2024-02-07 22:05:03<br/>updated_at: 2024-02-07 22:06:45<br/>','PRESTAMOS','2024-02-07','22:06:45','2024-02-07 22:06:45','2024-02-07 22:06:45'),(20,1,'CREACIÓN','EL USUARIO admin REGISTRO UN PRESTAMO','id: 6<br/>user_id: 1<br/>user_desembolso_id: <br/>user_aprobado_id: <br/>cliente_id: 6<br/>tipo: INDIVIDUAL<br/>grupo_id: <br/>monto: 1500<br/>plazo: 12<br/>f_ci: 1<br/>f_luz: 1<br/>f_agua: 1<br/>croquis: 1<br/>documento_1: Moto<br/>documento_2: <br/>documento_3: <br/>documento_4: <br/>estado: PRE APROBADO<br/>desembolso: <br/>finalizado: <br/>fecha_desembolso: <br/>fecha_registro: 2024-02-07<br/>created_at: 2024-02-07 22:08:25<br/>updated_at: 2024-02-07 22:08:25<br/>',NULL,'PRESTAMOS','2024-02-07','22:08:25','2024-02-07 22:08:25','2024-02-07 22:08:25'),(21,1,'MODIFICACIÓN','EL USUARIO admin APROBO UN PRÉSTAMO','id: 6<br/>user_id: 1<br/>user_desembolso_id: <br/>user_aprobado_id: <br/>cliente_id: 6<br/>tipo: INDIVIDUAL<br/>grupo_id: <br/>monto: 1500.00<br/>plazo: 12<br/>f_ci: 1<br/>f_luz: 1<br/>f_agua: 1<br/>croquis: 1<br/>documento_1: Moto<br/>documento_2: <br/>documento_3: <br/>documento_4: <br/>estado: PRE APROBADO<br/>desembolso: 0<br/>finalizado: 0<br/>fecha_desembolso: <br/>fecha_registro: 2024-02-07<br/>created_at: 2024-02-07 22:08:25<br/>updated_at: 2024-02-07 22:08:25<br/>','id: 6<br/>user_id: 1<br/>user_desembolso_id: <br/>user_aprobado_id: 1<br/>cliente_id: 6<br/>tipo: INDIVIDUAL<br/>grupo_id: <br/>monto: 1500.00<br/>plazo: 12<br/>f_ci: 1<br/>f_luz: 1<br/>f_agua: 1<br/>croquis: 1<br/>documento_1: Moto<br/>documento_2: <br/>documento_3: <br/>documento_4: <br/>estado: APROBADO<br/>desembolso: 0<br/>finalizado: 0<br/>fecha_desembolso: 2024-02-08<br/>fecha_registro: 2024-02-07<br/>created_at: 2024-02-07 22:08:25<br/>updated_at: 2024-02-07 22:08:42<br/>','PRESTAMOS','2024-02-07','22:08:42','2024-02-07 22:08:42','2024-02-07 22:08:42'),(22,1,'MODIFICACIÓN','EL USUARIO admin MODIFICÓ UN USUARIO','id: 2<br/>usuario: JPERES<br/>nombre: JUAN<br/>paterno: PERES<br/>materno: MAMANI<br/>ci: 1234<br/>ci_exp: CB<br/>tipo: CAJERO<br/>foto: <br/>password: $2y$10$GxS.LFZt.XAd5ltQ58TOa.Ymb.ViLVIr6/SnOUXu6WisGIZv6poKS<br/>acceso: 1<br/>fecha_registro: 2023-11-22<br/>created_at: 2023-11-22 14:57:15<br/>updated_at: 2024-02-07 21:56:46<br/>','id: 2<br/>usuario: JPERES<br/>nombre: JUAN<br/>paterno: PERES<br/>materno: MAMANI<br/>ci: 8456321<br/>ci_exp: CB<br/>tipo: CAJERO<br/>foto: <br/>password: <br/>acceso: 1<br/>fecha_registro: 2023-11-22<br/>created_at: 2023-11-22 14:57:15<br/>updated_at: 2024-02-18 21:54:40<br/>','USUARIOS','2024-02-18','21:54:40','2024-02-18 21:54:40','2024-02-18 21:54:40'),(23,2,'MODIFICACIÓN','EL USUARIO JPERES REGISTRO EL PAGO DE UN PRESTAMO','id: 2<br/>user_id: 2<br/>tipo_prestamo: INDIVIDUAL<br/>prestamo_id: 1<br/>plan_pago_id: 2<br/>grupo_id: <br/>grupo_plan_pago_id: <br/>cliente_id: 1<br/>nro_cuota: 2<br/>monto: 78.82<br/>interes: 11.30<br/>dias_mora: 14<br/>monto_mora: 42<br/>monto_total: 132.12<br/>fecha_pago: 2024-02-26<br/>created_at: 2024-02-26 21:23:06<br/>updated_at: 2024-02-26 21:23:06<br/>',NULL,'PAGOS','2024-02-26','21:23:06','2024-02-26 21:23:06','2024-02-26 21:23:06'),(24,1,'MODIFICACIÓN','EL USUARIO admin APROBO UN PRÉSTAMO','id: 5<br/>user_id: 1<br/>user_desembolso_id: <br/>user_aprobado_id: <br/>cliente_id: 5<br/>tipo: INDIVIDUAL<br/>grupo_id: <br/>monto: 1500.00<br/>plazo: 12<br/>f_ci: 1<br/>f_luz: 1<br/>f_agua: 1<br/>croquis: 1<br/>documento_1: camion<br/>documento_2: <br/>documento_3: <br/>documento_4: <br/>estado: RECHAZADO<br/>desembolso: 0<br/>finalizado: 0<br/>fecha_desembolso: <br/>fecha_registro: 2024-02-07<br/>created_at: 2024-02-07 22:05:03<br/>updated_at: 2024-02-07 22:06:45<br/>','id: 5<br/>user_id: 1<br/>user_desembolso_id: <br/>user_aprobado_id: 1<br/>cliente_id: 5<br/>tipo: INDIVIDUAL<br/>grupo_id: <br/>monto: 1500.00<br/>plazo: 12<br/>f_ci: 1<br/>f_luz: 1<br/>f_agua: 1<br/>croquis: 1<br/>documento_1: camion<br/>documento_2: <br/>documento_3: <br/>documento_4: <br/>estado: APROBADO<br/>desembolso: 0<br/>finalizado: 0<br/>fecha_desembolso: 2024-02-26<br/>fecha_registro: 2024-02-07<br/>created_at: 2024-02-07 22:05:03<br/>updated_at: 2024-02-26 21:32:23<br/>','PRESTAMOS','2024-02-26','21:32:23','2024-02-26 21:32:23','2024-02-26 21:32:23'),(25,2,'MODIFICACIÓN','EL USUARIO JPERES REGISTRO EL PAGO DE UN PRESTAMO','id: 3<br/>user_id: 2<br/>tipo_prestamo: INDIVIDUAL<br/>prestamo_id: 4<br/>plan_pago_id: 37<br/>grupo_id: <br/>grupo_plan_pago_id: <br/>cliente_id: 4<br/>nro_cuota: 1<br/>monto: 155.72<br/>interes: 24.50<br/>dias_mora: 12<br/>monto_mora: 72<br/>monto_total: 252.22<br/>fecha_pago: 2024-02-26<br/>created_at: 2024-02-26 21:37:12<br/>updated_at: 2024-02-26 21:37:12<br/>',NULL,'PAGOS','2024-02-26','21:37:12','2024-02-26 21:37:12','2024-02-26 21:37:12'),(26,2,'MODIFICACIÓN','EL USUARIO JPERES REGISTRO EL PAGO DE UN PRESTAMO','id: 4<br/>user_id: 2<br/>tipo_prestamo: INDIVIDUAL<br/>prestamo_id: 1<br/>plan_pago_id: 3<br/>grupo_id: <br/>grupo_plan_pago_id: <br/>cliente_id: 1<br/>nro_cuota: 3<br/>monto: 79.78<br/>interes: 10.33<br/>dias_mora: 7<br/>monto_mora: 21<br/>monto_total: 111.11<br/>fecha_pago: 2024-02-26<br/>created_at: 2024-02-26 21:39:46<br/>updated_at: 2024-02-26 21:39:46<br/>',NULL,'PAGOS','2024-02-26','21:39:46','2024-02-26 21:39:46','2024-02-26 21:39:46'),(27,2,'MODIFICACIÓN','EL USUARIO JPERES REGISTRO EL PAGO DE UN PRESTAMO','id: 5<br/>user_id: 2<br/>tipo_prestamo: INDIVIDUAL<br/>prestamo_id: 4<br/>plan_pago_id: 38<br/>grupo_id: <br/>grupo_plan_pago_id: <br/>cliente_id: 4<br/>nro_cuota: 2<br/>monto: 157.63<br/>interes: 22.59<br/>dias_mora: 5<br/>monto_mora: 30<br/>monto_total: 210.22<br/>fecha_pago: 2024-02-26<br/>created_at: 2024-02-26 21:40:47<br/>updated_at: 2024-02-26 21:40:47<br/>',NULL,'PAGOS','2024-02-26','21:40:47','2024-02-26 21:40:47','2024-02-26 21:40:47'),(28,1,'CREACIÓN','EL USUARIO admin REGISTRO UN PRESTAMO','id: 7<br/>user_id: 1<br/>user_desembolso_id: <br/>user_aprobado_id: <br/>cliente_id: 7<br/>tipo: INDIVIDUAL<br/>grupo_id: <br/>monto: 1500<br/>plazo: 12<br/>f_ci: 1<br/>f_luz: 1<br/>f_agua: 1<br/>croquis: 1<br/>documento_1: Documento del auto<br/>documento_2: <br/>documento_3: <br/>documento_4: <br/>estado: PRE APROBADO<br/>desembolso: <br/>finalizado: <br/>fecha_desembolso: <br/>fecha_registro: 2024-02-26<br/>created_at: 2024-02-26 21:54:31<br/>updated_at: 2024-02-26 21:54:31<br/>',NULL,'PRESTAMOS','2024-02-26','21:54:31','2024-02-26 21:54:31','2024-02-26 21:54:31'),(29,1,'MODIFICACIÓN','EL USUARIO admin APROBO UN PRÉSTAMO','id: 7<br/>user_id: 1<br/>user_desembolso_id: <br/>user_aprobado_id: <br/>cliente_id: 7<br/>tipo: INDIVIDUAL<br/>grupo_id: <br/>monto: 1500.00<br/>plazo: 12<br/>f_ci: 1<br/>f_luz: 1<br/>f_agua: 1<br/>croquis: 1<br/>documento_1: Documento del auto<br/>documento_2: <br/>documento_3: <br/>documento_4: <br/>estado: PRE APROBADO<br/>desembolso: 0<br/>finalizado: 0<br/>fecha_desembolso: <br/>fecha_registro: 2024-02-26<br/>created_at: 2024-02-26 21:54:31<br/>updated_at: 2024-02-26 21:54:31<br/>','id: 7<br/>user_id: 1<br/>user_desembolso_id: <br/>user_aprobado_id: 1<br/>cliente_id: 7<br/>tipo: INDIVIDUAL<br/>grupo_id: <br/>monto: 1500.00<br/>plazo: 12<br/>f_ci: 1<br/>f_luz: 1<br/>f_agua: 1<br/>croquis: 1<br/>documento_1: Documento del auto<br/>documento_2: <br/>documento_3: <br/>documento_4: <br/>estado: APROBADO<br/>desembolso: 0<br/>finalizado: 0<br/>fecha_desembolso: 2024-02-26<br/>fecha_registro: 2024-02-26<br/>created_at: 2024-02-26 21:54:31<br/>updated_at: 2024-02-26 21:54:57<br/>','PRESTAMOS','2024-02-26','21:54:57','2024-02-26 21:54:57','2024-02-26 21:54:57'),(30,1,'CREACIÓN','EL USUARIO admin REGISTRO UN PRESTAMO','id: 8<br/>user_id: 1<br/>user_desembolso_id: <br/>user_aprobado_id: <br/>cliente_id: 8<br/>tipo: GRUPAL<br/>grupo_id: 1<br/>monto: 1000.00<br/>plazo: 12<br/>f_ci: 1<br/>f_luz: 1<br/>f_agua: 1<br/>croquis: 1<br/>documento_1: Papeles de auto<br/>documento_2: <br/>documento_3: <br/>documento_4: <br/>estado: PRE APROBADO<br/>desembolso: <br/>finalizado: <br/>fecha_desembolso: <br/>fecha_registro: 2024-02-26<br/>created_at: 2024-02-26 22:02:30<br/>updated_at: 2024-02-26 22:02:30<br/>',NULL,'PRESTAMOS','2024-02-26','22:02:30','2024-02-26 22:02:30','2024-02-26 22:02:30'),(31,1,'CREACIÓN','EL USUARIO admin REGISTRO UN PRESTAMO','id: 9<br/>user_id: 1<br/>user_desembolso_id: <br/>user_aprobado_id: <br/>cliente_id: 9<br/>tipo: GRUPAL<br/>grupo_id: 1<br/>monto: 1000.00<br/>plazo: 12<br/>f_ci: 1<br/>f_luz: 1<br/>f_agua: 1<br/>croquis: 1<br/>documento_1: Papeles de casa<br/>documento_2: <br/>documento_3: <br/>documento_4: <br/>estado: PRE APROBADO<br/>desembolso: <br/>finalizado: <br/>fecha_desembolso: <br/>fecha_registro: 2024-02-26<br/>created_at: 2024-02-26 22:02:30<br/>updated_at: 2024-02-26 22:02:30<br/>',NULL,'PRESTAMOS','2024-02-26','22:02:30','2024-02-26 22:02:30','2024-02-26 22:02:30'),(32,1,'CREACIÓN','EL USUARIO admin REGISTRO UN PRESTAMO','id: 10<br/>user_id: 1<br/>user_desembolso_id: <br/>user_aprobado_id: <br/>cliente_id: 10<br/>tipo: GRUPAL<br/>grupo_id: 1<br/>monto: 1000.00<br/>plazo: 12<br/>f_ci: 1<br/>f_luz: 1<br/>f_agua: 1<br/>croquis: 1<br/>documento_1: Papeles de Auto<br/>documento_2: <br/>documento_3: <br/>documento_4: <br/>estado: PRE APROBADO<br/>desembolso: <br/>finalizado: <br/>fecha_desembolso: <br/>fecha_registro: 2024-02-26<br/>created_at: 2024-02-26 22:02:30<br/>updated_at: 2024-02-26 22:02:30<br/>',NULL,'PRESTAMOS','2024-02-26','22:02:30','2024-02-26 22:02:30','2024-02-26 22:02:30'),(33,1,'MODIFICACIÓN','EL USUARIO admin APROBO UN PRÉSTAMO GRUPAL','id: 1<br/>user_id: 1<br/>user_desembolso_id: <br/>user_aprobado_id: <br/>nombre: LOS PUNTUALES<br/>integrantes: 3<br/>monto: 3000.00<br/>plazo: 12<br/>desembolso: 0<br/>fecha_desembolso: <br/>estado: PRE APROBADO<br/>finalizado: 0<br/>fecha_registro: 2024-02-26<br/>created_at: 2024-02-26 22:02:30<br/>updated_at: 2024-02-26 22:02:30<br/>','id: 1<br/>user_id: 1<br/>user_desembolso_id: <br/>user_aprobado_id: 1<br/>nombre: LOS PUNTUALES<br/>integrantes: 3<br/>monto: 3000.00<br/>plazo: 12<br/>desembolso: 0<br/>fecha_desembolso: 2024-02-26<br/>estado: APROBADO<br/>finalizado: 0<br/>fecha_registro: 2024-02-26<br/>created_at: 2024-02-26 22:02:30<br/>updated_at: 2024-02-26 22:03:41<br/>','PRESTAMOS','2024-02-26','22:03:41','2024-02-26 22:03:41','2024-02-26 22:03:41'),(34,1,'CREACIÓN','EL USUARIO admin REGISTRO UN PRESTAMO','id: 11<br/>user_id: 1<br/>user_desembolso_id: <br/>user_aprobado_id: <br/>cliente_id: 11<br/>tipo: INDIVIDUAL<br/>grupo_id: <br/>monto: 2000<br/>plazo: 12<br/>f_ci: 1<br/>f_luz: 1<br/>f_agua: 1<br/>croquis: 1<br/>documento_1: moto<br/>documento_2: <br/>documento_3: <br/>documento_4: <br/>estado: PRE APROBADO<br/>desembolso: <br/>finalizado: <br/>fecha_desembolso: <br/>fecha_registro: 2024-02-26<br/>created_at: 2024-02-26 22:29:12<br/>updated_at: 2024-02-26 22:29:12<br/>',NULL,'PRESTAMOS','2024-02-26','22:29:12','2024-02-26 22:29:12','2024-02-26 22:29:12'),(35,1,'MODIFICACIÓN','EL USUARIO admin APROBO UN PRÉSTAMO','id: 11<br/>user_id: 1<br/>user_desembolso_id: <br/>user_aprobado_id: <br/>cliente_id: 11<br/>tipo: INDIVIDUAL<br/>grupo_id: <br/>monto: 2000.00<br/>plazo: 12<br/>f_ci: 1<br/>f_luz: 1<br/>f_agua: 1<br/>croquis: 1<br/>documento_1: moto<br/>documento_2: <br/>documento_3: <br/>documento_4: <br/>estado: PRE APROBADO<br/>desembolso: 0<br/>finalizado: 0<br/>fecha_desembolso: <br/>fecha_registro: 2024-02-26<br/>created_at: 2024-02-26 22:29:12<br/>updated_at: 2024-02-26 22:29:12<br/>','id: 11<br/>user_id: 1<br/>user_desembolso_id: <br/>user_aprobado_id: 1<br/>cliente_id: 11<br/>tipo: INDIVIDUAL<br/>grupo_id: <br/>monto: 2000.00<br/>plazo: 12<br/>f_ci: 1<br/>f_luz: 1<br/>f_agua: 1<br/>croquis: 1<br/>documento_1: moto<br/>documento_2: <br/>documento_3: <br/>documento_4: <br/>estado: APROBADO<br/>desembolso: 0<br/>finalizado: 0<br/>fecha_desembolso: 2024-03-04<br/>fecha_registro: 2024-02-26<br/>created_at: 2024-02-26 22:29:12<br/>updated_at: 2024-02-26 22:29:39<br/>','PRESTAMOS','2024-02-26','22:29:39','2024-02-26 22:29:39','2024-02-26 22:29:39'),(36,1,'CREACIÓN','EL USUARIO admin REGISTRO UN PRESTAMO','id: 12<br/>user_id: 1<br/>user_desembolso_id: <br/>user_aprobado_id: <br/>cliente_id: 12<br/>tipo: GRUPAL<br/>grupo_id: 2<br/>monto: 3333.33<br/>plazo: 12<br/>f_ci: 1<br/>f_luz: 1<br/>f_agua: 1<br/>croquis: 1<br/>documento_1: Papeles del vehiculo<br/>documento_2: <br/>documento_3: <br/>documento_4: <br/>estado: PRE APROBADO<br/>desembolso: <br/>finalizado: <br/>fecha_desembolso: <br/>fecha_registro: 2024-03-19<br/>created_at: 2024-03-19 22:39:40<br/>updated_at: 2024-03-19 22:39:40<br/>',NULL,'PRESTAMOS','2024-03-19','22:39:40','2024-03-19 22:39:40','2024-03-19 22:39:40'),(37,1,'CREACIÓN','EL USUARIO admin REGISTRO UN PRESTAMO','id: 13<br/>user_id: 1<br/>user_desembolso_id: <br/>user_aprobado_id: <br/>cliente_id: 13<br/>tipo: GRUPAL<br/>grupo_id: 2<br/>monto: 3333.33<br/>plazo: 12<br/>f_ci: 1<br/>f_luz: 1<br/>f_agua: 1<br/>croquis: 1<br/>documento_1: Papeles de moto<br/>documento_2: <br/>documento_3: <br/>documento_4: <br/>estado: PRE APROBADO<br/>desembolso: <br/>finalizado: <br/>fecha_desembolso: <br/>fecha_registro: 2024-03-19<br/>created_at: 2024-03-19 22:39:40<br/>updated_at: 2024-03-19 22:39:40<br/>',NULL,'PRESTAMOS','2024-03-19','22:39:40','2024-03-19 22:39:40','2024-03-19 22:39:40'),(38,1,'CREACIÓN','EL USUARIO admin REGISTRO UN PRESTAMO','id: 14<br/>user_id: 1<br/>user_desembolso_id: <br/>user_aprobado_id: <br/>cliente_id: 14<br/>tipo: GRUPAL<br/>grupo_id: 2<br/>monto: 3333.33<br/>plazo: 12<br/>f_ci: 1<br/>f_luz: 1<br/>f_agua: 1<br/>croquis: 1<br/>documento_1: Papeles de la moto<br/>documento_2: <br/>documento_3: <br/>documento_4: <br/>estado: PRE APROBADO<br/>desembolso: <br/>finalizado: <br/>fecha_desembolso: <br/>fecha_registro: 2024-03-19<br/>created_at: 2024-03-19 22:39:40<br/>updated_at: 2024-03-19 22:39:40<br/>',NULL,'PRESTAMOS','2024-03-19','22:39:40','2024-03-19 22:39:40','2024-03-19 22:39:40'),(39,1,'MODIFICACIÓN','EL USUARIO admin APROBO UN PRÉSTAMO GRUPAL','id: 2<br/>user_id: 1<br/>user_desembolso_id: <br/>user_aprobado_id: <br/>nombre: GRUPO SARATE<br/>integrantes: 3<br/>monto: 10000.00<br/>plazo: 12<br/>desembolso: 0<br/>fecha_desembolso: <br/>estado: PRE APROBADO<br/>finalizado: 0<br/>fecha_registro: 2024-03-19<br/>created_at: 2024-03-19 22:39:40<br/>updated_at: 2024-03-19 22:39:40<br/>','id: 2<br/>user_id: 1<br/>user_desembolso_id: <br/>user_aprobado_id: 1<br/>nombre: GRUPO SARATE<br/>integrantes: 3<br/>monto: 10000.00<br/>plazo: 12<br/>desembolso: 0<br/>fecha_desembolso: 2024-03-19<br/>estado: APROBADO<br/>finalizado: 0<br/>fecha_registro: 2024-03-19<br/>created_at: 2024-03-19 22:39:40<br/>updated_at: 2024-03-19 22:40:33<br/>','PRESTAMOS','2024-03-19','22:40:33','2024-03-19 22:40:33','2024-03-19 22:40:33'),(40,1,'CREACIÓN','EL USUARIO  REGISTRO UN MOVIMINETO DE CAJA','id: 21<br/>caja_id: 1<br/>user_id: 1<br/>monto: 50000<br/>tipo: CRÉDITO<br/>glosa: ABONO CAPITAL<br/>tipo_prestamo: <br/>prestamo_id: <br/>grupo_id: <br/>fecha_registro: 2024-03-19<br/>created_at: 2024-03-19 22:41:42<br/>updated_at: 2024-03-19 22:41:42<br/>',NULL,'CAJA','2024-03-19','22:41:42','2024-03-19 22:41:42','2024-03-19 22:41:42'),(41,1,'MODIFICACIÓN','EL USUARIO admin REALIZÓ EL DESEMBOLSO DE UN PRESTAMO GRUPAL','id: 2<br/>user_id: 1<br/>user_desembolso_id: <br/>user_aprobado_id: 1<br/>nombre: GRUPO SARATE<br/>integrantes: 3<br/>monto: 10000.00<br/>plazo: 12<br/>desembolso: 0<br/>fecha_desembolso: 2024-03-19<br/>estado: APROBADO<br/>finalizado: 0<br/>fecha_registro: 2024-03-19<br/>created_at: 2024-03-19 22:39:40<br/>updated_at: 2024-03-19 22:40:33<br/>','id: 2<br/>user_id: 1<br/>user_desembolso_id: 1<br/>user_aprobado_id: 1<br/>nombre: GRUPO SARATE<br/>integrantes: 3<br/>monto: 10000.00<br/>plazo: 12<br/>desembolso: 1<br/>fecha_desembolso: 2024-03-19<br/>estado: APROBADO<br/>finalizado: 0<br/>fecha_registro: 2024-03-19<br/>created_at: 2024-03-19 22:39:40<br/>updated_at: 2024-03-19 22:42:14<br/>','PRESTAMOS','2024-03-19','22:42:14','2024-03-19 22:42:14','2024-03-19 22:42:14'),(42,1,'CREACIÓN','EL USUARIO admin REGISTRO UN PRESTAMO','id: 15<br/>user_id: 1<br/>user_desembolso_id: <br/>user_aprobado_id: <br/>cliente_id: 15<br/>tipo: INDIVIDUAL<br/>grupo_id: <br/>monto: 3500<br/>plazo: 12<br/>f_ci: 1<br/>f_luz: 1<br/>f_agua: 1<br/>croquis: 1<br/>documento_1: Papeles de la moto<br/>documento_2: <br/>documento_3: <br/>documento_4: <br/>estado: PRE APROBADO<br/>desembolso: <br/>finalizado: <br/>fecha_desembolso: <br/>fecha_registro: 2024-03-19<br/>created_at: 2024-03-19 22:46:06<br/>updated_at: 2024-03-19 22:46:06<br/>',NULL,'PRESTAMOS','2024-03-19','22:46:06','2024-03-19 22:46:06','2024-03-19 22:46:06'),(43,1,'MODIFICACIÓN','EL USUARIO admin APROBO UN PRÉSTAMO','id: 15<br/>user_id: 1<br/>user_desembolso_id: <br/>user_aprobado_id: <br/>cliente_id: 15<br/>tipo: INDIVIDUAL<br/>grupo_id: <br/>monto: 3500.00<br/>plazo: 12<br/>f_ci: 1<br/>f_luz: 1<br/>f_agua: 1<br/>croquis: 1<br/>documento_1: Papeles de la moto<br/>documento_2: <br/>documento_3: <br/>documento_4: <br/>estado: PRE APROBADO<br/>desembolso: 0<br/>finalizado: 0<br/>fecha_desembolso: <br/>fecha_registro: 2024-03-19<br/>created_at: 2024-03-19 22:46:06<br/>updated_at: 2024-03-19 22:46:06<br/>','id: 15<br/>user_id: 1<br/>user_desembolso_id: <br/>user_aprobado_id: 1<br/>cliente_id: 15<br/>tipo: INDIVIDUAL<br/>grupo_id: <br/>monto: 3500.00<br/>plazo: 12<br/>f_ci: 1<br/>f_luz: 1<br/>f_agua: 1<br/>croquis: 1<br/>documento_1: Papeles de la moto<br/>documento_2: <br/>documento_3: <br/>documento_4: <br/>estado: APROBADO<br/>desembolso: 0<br/>finalizado: 0<br/>fecha_desembolso: 2024-03-31<br/>fecha_registro: 2024-03-19<br/>created_at: 2024-03-19 22:46:06<br/>updated_at: 2024-03-19 22:47:35<br/>','PRESTAMOS','2024-03-19','22:47:35','2024-03-19 22:47:35','2024-03-19 22:47:35'),(44,2,'MODIFICACIÓN','EL USUARIO JPERES REGISTRO EL PAGO DE UN PRESTAMO','id: 6<br/>user_id: 2<br/>tipo_prestamo: INDIVIDUAL<br/>prestamo_id: 1<br/>plan_pago_id: 4<br/>grupo_id: <br/>grupo_plan_pago_id: <br/>cliente_id: 1<br/>nro_cuota: 4<br/>monto: 80.76<br/>interes: 9.35<br/>dias_mora: 23<br/>monto_mora: 69<br/>monto_total: 159.11<br/>fecha_pago: 2024-03-20<br/>created_at: 2024-03-20 22:10:17<br/>updated_at: 2024-03-20 22:10:17<br/>',NULL,'PAGOS','2024-03-20','22:10:17','2024-03-20 22:10:17','2024-03-20 22:10:17'),(45,1,'MODIFICACIÓN','EL USUARIO admin RECHAZO UN PRÉSTAMO','id: 2<br/>user_id: 1<br/>user_desembolso_id: <br/>user_aprobado_id: 1<br/>cliente_id: 2<br/>tipo: INDIVIDUAL<br/>grupo_id: <br/>monto: 5000.00<br/>plazo: 12<br/>f_ci: 1<br/>f_luz: 1<br/>f_agua: 1<br/>croquis: 1<br/>documento_1: Auto<br/>documento_2: <br/>documento_3: <br/>documento_4: <br/>estado: APROBADO<br/>desembolso: 0<br/>finalizado: 0<br/>fecha_desembolso: 2024-02-05<br/>fecha_registro: 2024-02-04<br/>created_at: 2024-02-04 23:02:48<br/>updated_at: 2024-02-04 23:03:29<br/>','id: 2<br/>user_id: 1<br/>user_desembolso_id: <br/>user_aprobado_id: <br/>cliente_id: 2<br/>tipo: INDIVIDUAL<br/>grupo_id: <br/>monto: 5000.00<br/>plazo: 12<br/>f_ci: 1<br/>f_luz: 1<br/>f_agua: 1<br/>croquis: 1<br/>documento_1: Auto<br/>documento_2: <br/>documento_3: <br/>documento_4: <br/>estado: RECHAZADO<br/>desembolso: 0<br/>finalizado: 0<br/>fecha_desembolso: <br/>fecha_registro: 2024-02-04<br/>created_at: 2024-02-04 23:02:48<br/>updated_at: 2024-03-20 22:17:09<br/>','PRESTAMOS','2024-03-20','22:17:09','2024-03-20 22:17:09','2024-03-20 22:17:09'),(46,2,'MODIFICACIÓN','EL USUARIO JPERES REGISTRO EL PAGO DE UN PRESTAMO','id: 7<br/>user_id: 2<br/>tipo_prestamo: INDIVIDUAL<br/>prestamo_id: 1<br/>plan_pago_id: 5<br/>grupo_id: <br/>grupo_plan_pago_id: <br/>cliente_id: 1<br/>nro_cuota: 5<br/>monto: 81.75<br/>interes: 8.36<br/>dias_mora: 16<br/>monto_mora: 48<br/>monto_total: 138.11<br/>fecha_pago: 2024-03-20<br/>created_at: 2024-03-20 22:33:04<br/>updated_at: 2024-03-20 22:33:04<br/>',NULL,'PAGOS','2024-03-20','22:33:04','2024-03-20 22:33:04','2024-03-20 22:33:04'),(47,2,'MODIFICACIÓN','EL USUARIO JPERES REGISTRO EL PAGO DE UN PRESTAMO','id: 8<br/>user_id: 2<br/>tipo_prestamo: INDIVIDUAL<br/>prestamo_id: 1<br/>plan_pago_id: 6<br/>grupo_id: <br/>grupo_plan_pago_id: <br/>cliente_id: 1<br/>nro_cuota: 6<br/>monto: 82.75<br/>interes: 7.36<br/>dias_mora: 9<br/>monto_mora: 27<br/>monto_total: 117.11<br/>fecha_pago: 2024-03-20<br/>created_at: 2024-03-20 22:33:38<br/>updated_at: 2024-03-20 22:33:38<br/>',NULL,'PAGOS','2024-03-20','22:33:38','2024-03-20 22:33:38','2024-03-20 22:33:38'),(48,2,'MODIFICACIÓN','EL USUARIO JPERES REGISTRO EL PAGO DE UN PRESTAMO','id: 9<br/>user_id: 2<br/>tipo_prestamo: INDIVIDUAL<br/>prestamo_id: 1<br/>plan_pago_id: 7<br/>grupo_id: <br/>grupo_plan_pago_id: <br/>cliente_id: 1<br/>nro_cuota: 7<br/>monto: 83.77<br/>interes: 6.35<br/>dias_mora: 2<br/>monto_mora: 6<br/>monto_total: 96.12<br/>fecha_pago: 2024-03-20<br/>created_at: 2024-03-20 22:33:48<br/>updated_at: 2024-03-20 22:33:48<br/>',NULL,'PAGOS','2024-03-20','22:33:48','2024-03-20 22:33:48','2024-03-20 22:33:48'),(49,2,'MODIFICACIÓN','EL USUARIO JPERES REGISTRO EL PAGO DE UN PRESTAMO','id: 10<br/>user_id: 2<br/>tipo_prestamo: INDIVIDUAL<br/>prestamo_id: 1<br/>plan_pago_id: 8<br/>grupo_id: <br/>grupo_plan_pago_id: <br/>cliente_id: 1<br/>nro_cuota: 8<br/>monto: 84.79<br/>interes: 5.32<br/>dias_mora: -5<br/>monto_mora: 0<br/>monto_total: 90.11<br/>fecha_pago: 2024-03-20<br/>created_at: 2024-03-20 22:34:15<br/>updated_at: 2024-03-20 22:34:15<br/>',NULL,'PAGOS','2024-03-20','22:34:15','2024-03-20 22:34:15','2024-03-20 22:34:15'),(50,2,'MODIFICACIÓN','EL USUARIO JPERES REGISTRO EL PAGO DE UN PRESTAMO','id: 11<br/>user_id: 2<br/>tipo_prestamo: INDIVIDUAL<br/>prestamo_id: 1<br/>plan_pago_id: 9<br/>grupo_id: <br/>grupo_plan_pago_id: <br/>cliente_id: 1<br/>nro_cuota: 9<br/>monto: 85.83<br/>interes: 4.28<br/>dias_mora: -12<br/>monto_mora: 0<br/>monto_total: 90.11<br/>fecha_pago: 2024-03-20<br/>created_at: 2024-03-20 22:34:59<br/>updated_at: 2024-03-20 22:34:59<br/>',NULL,'PAGOS','2024-03-20','22:34:59','2024-03-20 22:34:59','2024-03-20 22:34:59'),(51,2,'MODIFICACIÓN','EL USUARIO JPERES REGISTRO EL PAGO DE UN PRESTAMO','id: 12<br/>user_id: 2<br/>tipo_prestamo: INDIVIDUAL<br/>prestamo_id: 1<br/>plan_pago_id: 10<br/>grupo_id: <br/>grupo_plan_pago_id: <br/>cliente_id: 1<br/>nro_cuota: 10<br/>monto: 86.88<br/>interes: 3.23<br/>dias_mora: -19<br/>monto_mora: 0<br/>monto_total: 90.11<br/>fecha_pago: 2024-03-20<br/>created_at: 2024-03-20 22:35:07<br/>updated_at: 2024-03-20 22:35:07<br/>',NULL,'PAGOS','2024-03-20','22:35:07','2024-03-20 22:35:07','2024-03-20 22:35:07'),(52,2,'MODIFICACIÓN','EL USUARIO JPERES REGISTRO EL PAGO DE UN PRESTAMO','id: 13<br/>user_id: 2<br/>tipo_prestamo: INDIVIDUAL<br/>prestamo_id: 1<br/>plan_pago_id: 11<br/>grupo_id: <br/>grupo_plan_pago_id: <br/>cliente_id: 1<br/>nro_cuota: 11<br/>monto: 87.95<br/>interes: 2.17<br/>dias_mora: -26<br/>monto_mora: 0<br/>monto_total: 90.12<br/>fecha_pago: 2024-03-20<br/>created_at: 2024-03-20 22:35:23<br/>updated_at: 2024-03-20 22:35:23<br/>',NULL,'PAGOS','2024-03-20','22:35:23','2024-03-20 22:35:23','2024-03-20 22:35:23'),(53,2,'MODIFICACIÓN','EL USUARIO JPERES REGISTRO EL PAGO DE UN PRESTAMO','id: 14<br/>user_id: 2<br/>tipo_prestamo: INDIVIDUAL<br/>prestamo_id: 1<br/>plan_pago_id: 12<br/>grupo_id: <br/>grupo_plan_pago_id: <br/>cliente_id: 1<br/>nro_cuota: 12<br/>monto: 89.05<br/>interes: 1.09<br/>dias_mora: -33<br/>monto_mora: 0<br/>monto_total: 90.14<br/>fecha_pago: 2024-03-20<br/>created_at: 2024-03-20 22:35:42<br/>updated_at: 2024-03-20 22:35:42<br/>',NULL,'PAGOS','2024-03-20','22:35:43','2024-03-20 22:35:43','2024-03-20 22:35:43'),(54,1,'CREACIÓN','EL USUARIO admin REGISTRO UN PRESTAMO','cliente_id: 16<br/>created_at: 2024-04-24 14:42:09<br/>croquis: 1<br/>desembolso: <br/>documento_1: Papeles del auto<br/>documento_2: <br/>documento_3: <br/>documento_4: <br/>estado: PRE APROBADO<br/>f_agua: 1<br/>f_ci: 1<br/>f_luz: 1<br/>fecha_aprobado: <br/>fecha_desembolso: <br/>fecha_rechazado: <br/>fecha_registro: 2024-04-24<br/>finalizado: <br/>grupo_id: <br/>id: 16<br/>monto: 3000<br/>plazo: 12<br/>tipo: INDIVIDUAL<br/>updated_at: 2024-04-24 14:42:09<br/>user_aprobado_id: <br/>user_desembolso_id: <br/>user_id: 1<br/>',NULL,'PRESTAMOS','2024-04-24','14:42:09','2024-04-24 14:42:09','2024-04-24 14:42:09'),(55,1,'MODIFICACIÓN','EL USUARIO admin APROBO UN PRÉSTAMO','cliente_id: 16<br/>created_at: 2024-04-24 14:42:09<br/>croquis: 1<br/>desembolso: 0<br/>documento_1: Papeles del auto<br/>documento_2: <br/>documento_3: <br/>documento_4: <br/>estado: PRE APROBADO<br/>f_agua: 1<br/>f_ci: 1<br/>f_luz: 1<br/>fecha_aprobado: <br/>fecha_desembolso: <br/>fecha_rechazado: <br/>fecha_registro: 2024-04-24<br/>finalizado: 0<br/>grupo_id: <br/>id: 16<br/>monto: 3000.00<br/>plazo: 12<br/>tipo: INDIVIDUAL<br/>updated_at: 2024-04-24 14:42:09<br/>user_aprobado_id: <br/>user_desembolso_id: <br/>user_id: 1<br/>','cliente_id: 16<br/>created_at: 2024-04-24 14:42:09<br/>croquis: 1<br/>desembolso: 0<br/>documento_1: Papeles del auto<br/>documento_2: <br/>documento_3: <br/>documento_4: <br/>estado: APROBADO<br/>f_agua: 1<br/>f_ci: 1<br/>f_luz: 1<br/>fecha_aprobado: 2024-04-24<br/>fecha_desembolso: 2024-04-24<br/>fecha_rechazado: <br/>fecha_registro: 2024-04-24<br/>finalizado: 0<br/>grupo_id: <br/>id: 16<br/>monto: 3000.00<br/>plazo: 12<br/>tipo: INDIVIDUAL<br/>updated_at: 2024-04-24 14:43:14<br/>user_aprobado_id: 1<br/>user_desembolso_id: <br/>user_id: 1<br/>','PRESTAMOS','2024-04-24','14:43:14','2024-04-24 14:43:14','2024-04-24 14:43:14'),(56,1,'CREACIÓN','EL USUARIO admin REGISTRO UN PRESTAMO','cliente_id: 17<br/>created_at: 2024-04-24 14:46:04<br/>croquis: 1<br/>desembolso: <br/>documento_1: Papeles de la moto<br/>documento_2: <br/>documento_3: <br/>documento_4: <br/>estado: PRE APROBADO<br/>f_agua: 1<br/>f_ci: 1<br/>f_luz: 1<br/>fecha_aprobado: <br/>fecha_desembolso: <br/>fecha_rechazado: <br/>fecha_registro: 2024-04-24<br/>finalizado: <br/>grupo_id: <br/>id: 17<br/>monto: 4000<br/>plazo: 12<br/>tipo: INDIVIDUAL<br/>updated_at: 2024-04-24 14:46:04<br/>user_aprobado_id: <br/>user_desembolso_id: <br/>user_id: 1<br/>',NULL,'PRESTAMOS','2024-04-24','14:46:04','2024-04-24 14:46:04','2024-04-24 14:46:04'),(57,1,'MODIFICACIÓN','EL USUARIO admin APROBO UN PRÉSTAMO','cliente_id: 17<br/>created_at: 2024-04-24 14:46:04<br/>croquis: 1<br/>desembolso: 0<br/>documento_1: Papeles de la moto<br/>documento_2: <br/>documento_3: <br/>documento_4: <br/>estado: PRE APROBADO<br/>f_agua: 1<br/>f_ci: 1<br/>f_luz: 1<br/>fecha_aprobado: <br/>fecha_desembolso: <br/>fecha_rechazado: <br/>fecha_registro: 2024-04-24<br/>finalizado: 0<br/>grupo_id: <br/>id: 17<br/>monto: 4000.00<br/>plazo: 12<br/>tipo: INDIVIDUAL<br/>updated_at: 2024-04-24 14:46:04<br/>user_aprobado_id: <br/>user_desembolso_id: <br/>user_id: 1<br/>','cliente_id: 17<br/>created_at: 2024-04-24 14:46:04<br/>croquis: 1<br/>desembolso: 0<br/>documento_1: Papeles de la moto<br/>documento_2: <br/>documento_3: <br/>documento_4: <br/>estado: APROBADO<br/>f_agua: 1<br/>f_ci: 1<br/>f_luz: 1<br/>fecha_aprobado: 2024-04-24<br/>fecha_desembolso: 2024-05-20<br/>fecha_rechazado: <br/>fecha_registro: 2024-04-24<br/>finalizado: 0<br/>grupo_id: <br/>id: 17<br/>monto: 4000.00<br/>plazo: 12<br/>tipo: INDIVIDUAL<br/>updated_at: 2024-04-24 14:47:01<br/>user_aprobado_id: 1<br/>user_desembolso_id: <br/>user_id: 1<br/>','PRESTAMOS','2024-04-24','14:47:01','2024-04-24 14:47:01','2024-04-24 14:47:01'),(58,1,'MODIFICACIÓN','EL USUARIO admin REALIZÓ EL DESEMBOLSO DE UN PRESTAMO','cliente_id: 16<br/>created_at: 2024-04-24 14:42:09<br/>croquis: 1<br/>desembolso: 0<br/>documento_1: Papeles del auto<br/>documento_2: <br/>documento_3: <br/>documento_4: <br/>estado: APROBADO<br/>f_agua: 1<br/>f_ci: 1<br/>f_luz: 1<br/>fecha_aprobado: 2024-04-24<br/>fecha_desembolso: 2024-04-24<br/>fecha_rechazado: <br/>fecha_registro: 2024-04-24<br/>finalizado: 0<br/>grupo_id: <br/>id: 16<br/>monto: 3000.00<br/>plazo: 12<br/>tipo: INDIVIDUAL<br/>updated_at: 2024-04-24 14:43:14<br/>user_aprobado_id: 1<br/>user_desembolso_id: <br/>user_id: 1<br/>','cliente_id: 16<br/>created_at: 2024-04-24 14:42:09<br/>croquis: 1<br/>desembolso: 1<br/>documento_1: Papeles del auto<br/>documento_2: <br/>documento_3: <br/>documento_4: <br/>estado: APROBADO<br/>f_agua: 1<br/>f_ci: 1<br/>f_luz: 1<br/>fecha_aprobado: 2024-04-24<br/>fecha_desembolso: 2024-04-24<br/>fecha_rechazado: <br/>fecha_registro: 2024-04-24<br/>finalizado: 0<br/>grupo_id: <br/>id: 16<br/>monto: 3000.00<br/>plazo: 12<br/>tipo: INDIVIDUAL<br/>updated_at: 2024-04-24 14:48:12<br/>user_aprobado_id: 1<br/>user_desembolso_id: 1<br/>user_id: 1<br/>','PRESTAMOS','2024-04-24','14:48:12','2024-04-24 14:48:12','2024-04-24 14:48:12'),(59,2,'MODIFICACIÓN','EL USUARIO JPERES REGISTRO EL PAGO DE UN PRESTAMO','cliente_id: 4<br/>created_at: 2024-04-24 14:53:55<br/>dias_mora: 56<br/>fecha_pago: 2024-04-24<br/>grupo_id: <br/>grupo_plan_pago_id: <br/>id: 15<br/>interes: 20.66<br/>monto: 159.56<br/>monto_mora: 336<br/>monto_total: 516.22<br/>nro_cuota: 3<br/>plan_pago_id: 39<br/>prestamo_id: 4<br/>tipo_pago: CUOTA<br/>tipo_prestamo: INDIVIDUAL<br/>updated_at: 2024-04-24 14:53:55<br/>user_id: 2<br/>',NULL,'PAGOS','2024-04-24','14:53:55','2024-04-24 14:53:55','2024-04-24 14:53:55'),(60,2,'MODIFICACIÓN','EL USUARIO JPERES REGISTRO EL PAGO DE UN PRESTAMO','cliente_id: 4<br/>created_at: 2024-04-24 14:54:16<br/>dias_mora: 49<br/>fecha_pago: 2024-04-24<br/>grupo_id: <br/>grupo_plan_pago_id: <br/>id: 16<br/>interes: 18.71<br/>monto: 161.52<br/>monto_mora: 294<br/>monto_total: 474.23<br/>nro_cuota: 4<br/>plan_pago_id: 40<br/>prestamo_id: 4<br/>tipo_pago: CUOTA<br/>tipo_prestamo: INDIVIDUAL<br/>updated_at: 2024-04-24 14:54:16<br/>user_id: 2<br/>',NULL,'PAGOS','2024-04-24','14:54:16','2024-04-24 14:54:16','2024-04-24 14:54:16'),(61,2,'MODIFICACIÓN','EL USUARIO JPERES REGISTRO EL PAGO DE UN PRESTAMO','cliente_id: 4<br/>created_at: 2024-04-24 14:54:59<br/>dias_mora: 42<br/>fecha_pago: 2024-04-24<br/>grupo_id: <br/>grupo_plan_pago_id: <br/>id: 17<br/>interes: 16.73<br/>monto: 163.50<br/>monto_mora: 252<br/>monto_total: 432.23<br/>nro_cuota: 5<br/>plan_pago_id: 41<br/>prestamo_id: 4<br/>tipo_pago: CUOTA<br/>tipo_prestamo: INDIVIDUAL<br/>updated_at: 2024-04-24 14:54:59<br/>user_id: 2<br/>',NULL,'PAGOS','2024-04-24','14:54:59','2024-04-24 14:54:59','2024-04-24 14:54:59'),(62,2,'MODIFICACIÓN','EL USUARIO JPERES REGISTRO EL PAGO DE UN PRESTAMO','cliente_id: 4<br/>created_at: 2024-04-24 14:55:22<br/>dias_mora: 35<br/>fecha_pago: 2024-04-24<br/>grupo_id: <br/>grupo_plan_pago_id: <br/>id: 18<br/>interes: 14.73<br/>monto: 165.50<br/>monto_mora: 210<br/>monto_total: 390.23<br/>nro_cuota: 6<br/>plan_pago_id: 42<br/>prestamo_id: 4<br/>tipo_pago: CUOTA<br/>tipo_prestamo: INDIVIDUAL<br/>updated_at: 2024-04-24 14:55:22<br/>user_id: 2<br/>',NULL,'PAGOS','2024-04-24','14:55:22','2024-04-24 14:55:22','2024-04-24 14:55:22'),(63,2,'MODIFICACIÓN','EL USUARIO JPERES REGISTRO EL PAGO DE UN PRESTAMO','cliente_id: 4<br/>created_at: 2024-04-24 14:55:42<br/>dias_mora: 28<br/>fecha_pago: 2024-04-24<br/>grupo_id: <br/>grupo_plan_pago_id: <br/>id: 19<br/>interes: 12.70<br/>monto: 167.53<br/>monto_mora: 168<br/>monto_total: 348.23<br/>nro_cuota: 7<br/>plan_pago_id: 43<br/>prestamo_id: 4<br/>tipo_pago: CUOTA<br/>tipo_prestamo: INDIVIDUAL<br/>updated_at: 2024-04-24 14:55:42<br/>user_id: 2<br/>',NULL,'PAGOS','2024-04-24','14:55:42','2024-04-24 14:55:42','2024-04-24 14:55:42'),(64,2,'MODIFICACIÓN','EL USUARIO JPERES REGISTRO EL PAGO DE UN PRESTAMO','cliente_id: 4<br/>created_at: 2024-04-24 14:55:51<br/>dias_mora: 21<br/>fecha_pago: 2024-04-24<br/>grupo_id: <br/>grupo_plan_pago_id: <br/>id: 20<br/>interes: 10.65<br/>monto: 169.58<br/>monto_mora: 126<br/>monto_total: 306.23<br/>nro_cuota: 8<br/>plan_pago_id: 44<br/>prestamo_id: 4<br/>tipo_pago: CUOTA<br/>tipo_prestamo: INDIVIDUAL<br/>updated_at: 2024-04-24 14:55:51<br/>user_id: 2<br/>',NULL,'PAGOS','2024-04-24','14:55:51','2024-04-24 14:55:51','2024-04-24 14:55:51'),(65,2,'MODIFICACIÓN','EL USUARIO JPERES REGISTRO EL PAGO DE UN PRESTAMO','cliente_id: 4<br/>created_at: 2024-04-24 14:56:00<br/>dias_mora: 14<br/>fecha_pago: 2024-04-24<br/>grupo_id: <br/>grupo_plan_pago_id: <br/>id: 21<br/>interes: 8.57<br/>monto: 171.66<br/>monto_mora: 84<br/>monto_total: 264.23<br/>nro_cuota: 9<br/>plan_pago_id: 45<br/>prestamo_id: 4<br/>tipo_pago: CUOTA<br/>tipo_prestamo: INDIVIDUAL<br/>updated_at: 2024-04-24 14:56:00<br/>user_id: 2<br/>',NULL,'PAGOS','2024-04-24','14:56:00','2024-04-24 14:56:00','2024-04-24 14:56:00'),(66,2,'MODIFICACIÓN','EL USUARIO JPERES REGISTRO EL PAGO DE UN PRESTAMO','cliente_id: 4<br/>created_at: 2024-04-24 14:56:07<br/>dias_mora: 7<br/>fecha_pago: 2024-04-24<br/>grupo_id: <br/>grupo_plan_pago_id: <br/>id: 22<br/>interes: 6.47<br/>monto: 173.76<br/>monto_mora: 42<br/>monto_total: 222.23<br/>nro_cuota: 10<br/>plan_pago_id: 46<br/>prestamo_id: 4<br/>tipo_pago: CUOTA<br/>tipo_prestamo: INDIVIDUAL<br/>updated_at: 2024-04-24 14:56:07<br/>user_id: 2<br/>',NULL,'PAGOS','2024-04-24','14:56:07','2024-04-24 14:56:07','2024-04-24 14:56:07'),(67,2,'MODIFICACIÓN','EL USUARIO JPERES REGISTRO EL PAGO DE UN PRESTAMO','cliente_id: 4<br/>created_at: 2024-04-24 14:56:22<br/>dias_mora: 0<br/>fecha_pago: 2024-04-24<br/>grupo_id: <br/>grupo_plan_pago_id: <br/>id: 23<br/>interes: 4.34<br/>monto: 175.89<br/>monto_mora: 0<br/>monto_total: 180.23<br/>nro_cuota: 11<br/>plan_pago_id: 47<br/>prestamo_id: 4<br/>tipo_pago: CUOTA<br/>tipo_prestamo: INDIVIDUAL<br/>updated_at: 2024-04-24 14:56:22<br/>user_id: 2<br/>',NULL,'PAGOS','2024-04-24','14:56:22','2024-04-24 14:56:22','2024-04-24 14:56:22'),(68,2,'MODIFICACIÓN','EL USUARIO JPERES REGISTRO EL PAGO DE UN PRESTAMO','cliente_id: 4<br/>created_at: 2024-04-24 14:56:58<br/>dias_mora: 0<br/>fecha_pago: 2024-04-24<br/>grupo_id: <br/>grupo_plan_pago_id: <br/>id: 24<br/>interes: 2.18<br/>monto: 178.15<br/>monto_mora: 0.00<br/>monto_total: 180.33<br/>nro_cuota: 0<br/>plan_pago_id: <br/>prestamo_id: 4<br/>tipo_pago: TOTAL<br/>tipo_prestamo: INDIVIDUAL<br/>updated_at: 2024-04-24 14:56:58<br/>user_id: 2<br/>',NULL,'PAGOS','2024-04-24','14:56:58','2024-04-24 14:56:58','2024-04-24 14:56:58'),(69,1,'CREACIÓN','EL USUARIO admin REGISTRO UN PRESTAMO','cliente_id: 18<br/>created_at: 2024-04-26 23:24:22<br/>croquis: 1<br/>desembolso: <br/>documento_1: Papeles del Auto<br/>documento_2: <br/>documento_3: <br/>documento_4: <br/>estado: PRE APROBADO<br/>f_agua: 1<br/>f_ci: 1<br/>f_luz: 1<br/>fecha_aprobado: <br/>fecha_desembolso: <br/>fecha_rechazado: <br/>fecha_registro: 2024-04-26<br/>finalizado: <br/>grupo_id: <br/>id: 18<br/>monto: 2500<br/>plazo: 12<br/>tipo: INDIVIDUAL<br/>updated_at: 2024-04-26 23:24:22<br/>user_aprobado_id: <br/>user_desembolso_id: <br/>user_id: 1<br/>',NULL,'PRESTAMOS','2024-04-26','23:24:22','2024-04-26 23:24:22','2024-04-26 23:24:22'),(70,1,'CREACIÓN','EL USUARIO admin REGISTRO UN PRESTAMO','cliente_id: 19<br/>created_at: 2024-04-26 23:26:18<br/>croquis: 1<br/>desembolso: <br/>documento_1: Papeles de Moto<br/>documento_2: <br/>documento_3: <br/>documento_4: <br/>estado: PRE APROBADO<br/>f_agua: 1<br/>f_ci: 1<br/>f_luz: 1<br/>fecha_aprobado: <br/>fecha_desembolso: <br/>fecha_rechazado: <br/>fecha_registro: 2024-04-26<br/>finalizado: <br/>grupo_id: <br/>id: 19<br/>monto: 3000<br/>plazo: 12<br/>tipo: INDIVIDUAL<br/>updated_at: 2024-04-26 23:26:18<br/>user_aprobado_id: <br/>user_desembolso_id: <br/>user_id: 1<br/>',NULL,'PRESTAMOS','2024-04-26','23:26:18','2024-04-26 23:26:18','2024-04-26 23:26:18'),(71,1,'CREACIÓN','EL USUARIO admin REGISTRO UN PRESTAMO','cliente_id: 20<br/>created_at: 2024-04-26 23:31:27<br/>croquis: 1<br/>desembolso: <br/>documento_1: Documentos del terreno<br/>documento_2: <br/>documento_3: <br/>documento_4: <br/>estado: PRE APROBADO<br/>f_agua: 1<br/>f_ci: 1<br/>f_luz: 1<br/>fecha_aprobado: <br/>fecha_desembolso: <br/>fecha_rechazado: <br/>fecha_registro: 2024-04-26<br/>finalizado: <br/>grupo_id: <br/>id: 20<br/>monto: 4000<br/>plazo: 12<br/>tipo: INDIVIDUAL<br/>updated_at: 2024-04-26 23:31:27<br/>user_aprobado_id: <br/>user_desembolso_id: <br/>user_id: 1<br/>',NULL,'PRESTAMOS','2024-04-26','23:31:27','2024-04-26 23:31:27','2024-04-26 23:31:27'),(72,1,'CREACIÓN','EL USUARIO admin REGISTRO UN PRESTAMO','cliente_id: 21<br/>created_at: 2024-04-26 23:33:43<br/>croquis: 1<br/>desembolso: <br/>documento_1: Papeles de la Moto<br/>documento_2: <br/>documento_3: <br/>documento_4: <br/>estado: PRE APROBADO<br/>f_agua: 1<br/>f_ci: 1<br/>f_luz: 1<br/>fecha_aprobado: <br/>fecha_desembolso: <br/>fecha_rechazado: <br/>fecha_registro: 2024-04-26<br/>finalizado: <br/>grupo_id: <br/>id: 21<br/>monto: 3000<br/>plazo: 12<br/>tipo: INDIVIDUAL<br/>updated_at: 2024-04-26 23:33:43<br/>user_aprobado_id: <br/>user_desembolso_id: <br/>user_id: 1<br/>',NULL,'PRESTAMOS','2024-04-26','23:33:43','2024-04-26 23:33:43','2024-04-26 23:33:43'),(73,1,'CREACIÓN','EL USUARIO admin REGISTRO UN PRESTAMO','cliente_id: 22<br/>created_at: 2024-04-26 23:35:50<br/>croquis: 1<br/>desembolso: <br/>documento_1: Documentos del Auto<br/>documento_2: <br/>documento_3: <br/>documento_4: <br/>estado: PRE APROBADO<br/>f_agua: 1<br/>f_ci: 1<br/>f_luz: 1<br/>fecha_aprobado: <br/>fecha_desembolso: <br/>fecha_rechazado: <br/>fecha_registro: 2024-04-26<br/>finalizado: <br/>grupo_id: <br/>id: 22<br/>monto: 3500<br/>plazo: 12<br/>tipo: INDIVIDUAL<br/>updated_at: 2024-04-26 23:35:50<br/>user_aprobado_id: <br/>user_desembolso_id: <br/>user_id: 1<br/>',NULL,'PRESTAMOS','2024-04-26','23:35:50','2024-04-26 23:35:50','2024-04-26 23:35:50'),(74,1,'CREACIÓN','EL USUARIO admin REGISTRO UN PRESTAMO','cliente_id: 23<br/>created_at: 2024-04-26 23:37:54<br/>croquis: 1<br/>desembolso: <br/>documento_1: Papeles del anticretico<br/>documento_2: <br/>documento_3: <br/>documento_4: <br/>estado: PRE APROBADO<br/>f_agua: 1<br/>f_ci: 1<br/>f_luz: 1<br/>fecha_aprobado: <br/>fecha_desembolso: <br/>fecha_rechazado: <br/>fecha_registro: 2024-04-26<br/>finalizado: <br/>grupo_id: <br/>id: 23<br/>monto: 3000<br/>plazo: 12<br/>tipo: INDIVIDUAL<br/>updated_at: 2024-04-26 23:37:54<br/>user_aprobado_id: <br/>user_desembolso_id: <br/>user_id: 1<br/>',NULL,'PRESTAMOS','2024-04-26','23:37:54','2024-04-26 23:37:54','2024-04-26 23:37:54'),(75,1,'CREACIÓN','EL USUARIO admin REGISTRO UN PRESTAMO','cliente_id: 24<br/>created_at: 2024-04-26 23:41:12<br/>croquis: 1<br/>desembolso: <br/>documento_1: Papeles del Auto<br/>documento_2: <br/>documento_3: <br/>documento_4: <br/>estado: PRE APROBADO<br/>f_agua: 1<br/>f_ci: 1<br/>f_luz: 1<br/>fecha_aprobado: <br/>fecha_desembolso: <br/>fecha_rechazado: <br/>fecha_registro: 2024-04-26<br/>finalizado: <br/>grupo_id: <br/>id: 24<br/>monto: 3500<br/>plazo: 12<br/>tipo: INDIVIDUAL<br/>updated_at: 2024-04-26 23:41:12<br/>user_aprobado_id: <br/>user_desembolso_id: <br/>user_id: 1<br/>',NULL,'PRESTAMOS','2024-04-26','23:41:12','2024-04-26 23:41:12','2024-04-26 23:41:12'),(76,1,'CREACIÓN','EL USUARIO admin REGISTRO UN PRESTAMO','cliente_id: 25<br/>created_at: 2024-04-26 23:43:24<br/>croquis: 1<br/>desembolso: <br/>documento_1: Papeles de la moto<br/>documento_2: <br/>documento_3: <br/>documento_4: <br/>estado: PRE APROBADO<br/>f_agua: 1<br/>f_ci: 1<br/>f_luz: 1<br/>fecha_aprobado: <br/>fecha_desembolso: <br/>fecha_rechazado: <br/>fecha_registro: 2024-04-26<br/>finalizado: <br/>grupo_id: <br/>id: 25<br/>monto: 5000<br/>plazo: 12<br/>tipo: INDIVIDUAL<br/>updated_at: 2024-04-26 23:43:24<br/>user_aprobado_id: <br/>user_desembolso_id: <br/>user_id: 1<br/>',NULL,'PRESTAMOS','2024-04-26','23:43:24','2024-04-26 23:43:24','2024-04-26 23:43:24'),(77,1,'CREACIÓN','EL USUARIO admin REGISTRO UN PRESTAMO','cliente_id: 26<br/>created_at: 2024-04-26 23:45:42<br/>croquis: 1<br/>desembolso: <br/>documento_1: Papeles del auto<br/>documento_2: <br/>documento_3: <br/>documento_4: <br/>estado: PRE APROBADO<br/>f_agua: 1<br/>f_ci: 1<br/>f_luz: 1<br/>fecha_aprobado: <br/>fecha_desembolso: <br/>fecha_rechazado: <br/>fecha_registro: 2024-04-26<br/>finalizado: <br/>grupo_id: <br/>id: 26<br/>monto: 2500<br/>plazo: 12<br/>tipo: INDIVIDUAL<br/>updated_at: 2024-04-26 23:45:42<br/>user_aprobado_id: <br/>user_desembolso_id: <br/>user_id: 1<br/>',NULL,'PRESTAMOS','2024-04-26','23:45:42','2024-04-26 23:45:42','2024-04-26 23:45:42'),(78,1,'CREACIÓN','EL USUARIO admin REGISTRO UN PRESTAMO','cliente_id: 27<br/>created_at: 2024-04-26 23:53:01<br/>croquis: 1<br/>desembolso: <br/>documento_1: Papeles del Auto<br/>documento_2: <br/>documento_3: <br/>documento_4: <br/>estado: PRE APROBADO<br/>f_agua: 1<br/>f_ci: 1<br/>f_luz: 1<br/>fecha_aprobado: <br/>fecha_desembolso: <br/>fecha_rechazado: <br/>fecha_registro: 2024-04-26<br/>finalizado: <br/>grupo_id: 3<br/>id: 27<br/>monto: 1666.67<br/>plazo: 12<br/>tipo: GRUPAL<br/>updated_at: 2024-04-26 23:53:01<br/>user_aprobado_id: <br/>user_desembolso_id: <br/>user_id: 1<br/>',NULL,'PRESTAMOS','2024-04-26','23:53:01','2024-04-26 23:53:01','2024-04-26 23:53:01'),(79,1,'CREACIÓN','EL USUARIO admin REGISTRO UN PRESTAMO','cliente_id: 28<br/>created_at: 2024-04-26 23:53:01<br/>croquis: 1<br/>desembolso: <br/>documento_1: Papeles de la moto<br/>documento_2: <br/>documento_3: <br/>documento_4: <br/>estado: PRE APROBADO<br/>f_agua: 1<br/>f_ci: 1<br/>f_luz: 1<br/>fecha_aprobado: <br/>fecha_desembolso: <br/>fecha_rechazado: <br/>fecha_registro: 2024-04-26<br/>finalizado: <br/>grupo_id: 3<br/>id: 28<br/>monto: 1666.67<br/>plazo: 12<br/>tipo: GRUPAL<br/>updated_at: 2024-04-26 23:53:01<br/>user_aprobado_id: <br/>user_desembolso_id: <br/>user_id: 1<br/>',NULL,'PRESTAMOS','2024-04-26','23:53:01','2024-04-26 23:53:01','2024-04-26 23:53:01'),(80,1,'CREACIÓN','EL USUARIO admin REGISTRO UN PRESTAMO','cliente_id: 29<br/>created_at: 2024-04-26 23:53:01<br/>croquis: 1<br/>desembolso: <br/>documento_1: papeles del auto<br/>documento_2: <br/>documento_3: <br/>documento_4: <br/>estado: PRE APROBADO<br/>f_agua: 1<br/>f_ci: 1<br/>f_luz: 1<br/>fecha_aprobado: <br/>fecha_desembolso: <br/>fecha_rechazado: <br/>fecha_registro: 2024-04-26<br/>finalizado: <br/>grupo_id: 3<br/>id: 29<br/>monto: 1666.67<br/>plazo: 12<br/>tipo: GRUPAL<br/>updated_at: 2024-04-26 23:53:01<br/>user_aprobado_id: <br/>user_desembolso_id: <br/>user_id: 1<br/>',NULL,'PRESTAMOS','2024-04-26','23:53:01','2024-04-26 23:53:01','2024-04-26 23:53:01'),(81,1,'MODIFICACIÓN','EL USUARIO admin APROBO UN PRÉSTAMO','cliente_id: 18<br/>created_at: 2024-04-26 23:24:22<br/>croquis: 1<br/>desembolso: 0<br/>documento_1: Papeles del Auto<br/>documento_2: <br/>documento_3: <br/>documento_4: <br/>estado: PRE APROBADO<br/>f_agua: 1<br/>f_ci: 1<br/>f_luz: 1<br/>fecha_aprobado: <br/>fecha_desembolso: <br/>fecha_rechazado: <br/>fecha_registro: 2024-04-26<br/>finalizado: 0<br/>grupo_id: <br/>id: 18<br/>monto: 2500.00<br/>plazo: 12<br/>tipo: INDIVIDUAL<br/>updated_at: 2024-04-26 23:24:22<br/>user_aprobado_id: <br/>user_desembolso_id: <br/>user_id: 1<br/>','cliente_id: 18<br/>created_at: 2024-04-26 23:24:22<br/>croquis: 1<br/>desembolso: 0<br/>documento_1: Papeles del Auto<br/>documento_2: <br/>documento_3: <br/>documento_4: <br/>estado: APROBADO<br/>f_agua: 1<br/>f_ci: 1<br/>f_luz: 1<br/>fecha_aprobado: 2024-04-26<br/>fecha_desembolso: 2024-04-26<br/>fecha_rechazado: <br/>fecha_registro: 2024-04-26<br/>finalizado: 0<br/>grupo_id: <br/>id: 18<br/>monto: 2500.00<br/>plazo: 12<br/>tipo: INDIVIDUAL<br/>updated_at: 2024-04-26 23:53:50<br/>user_aprobado_id: 1<br/>user_desembolso_id: <br/>user_id: 1<br/>','PRESTAMOS','2024-04-26','23:53:50','2024-04-26 23:53:50','2024-04-26 23:53:50'),(82,1,'MODIFICACIÓN','EL USUARIO admin APROBO UN PRÉSTAMO','cliente_id: 19<br/>created_at: 2024-04-26 23:26:18<br/>croquis: 1<br/>desembolso: 0<br/>documento_1: Papeles de Moto<br/>documento_2: <br/>documento_3: <br/>documento_4: <br/>estado: PRE APROBADO<br/>f_agua: 1<br/>f_ci: 1<br/>f_luz: 1<br/>fecha_aprobado: <br/>fecha_desembolso: <br/>fecha_rechazado: <br/>fecha_registro: 2024-04-26<br/>finalizado: 0<br/>grupo_id: <br/>id: 19<br/>monto: 3000.00<br/>plazo: 12<br/>tipo: INDIVIDUAL<br/>updated_at: 2024-04-26 23:26:18<br/>user_aprobado_id: <br/>user_desembolso_id: <br/>user_id: 1<br/>','cliente_id: 19<br/>created_at: 2024-04-26 23:26:18<br/>croquis: 1<br/>desembolso: 0<br/>documento_1: Papeles de Moto<br/>documento_2: <br/>documento_3: <br/>documento_4: <br/>estado: APROBADO<br/>f_agua: 1<br/>f_ci: 1<br/>f_luz: 1<br/>fecha_aprobado: 2024-04-26<br/>fecha_desembolso: 2024-04-26<br/>fecha_rechazado: <br/>fecha_registro: 2024-04-26<br/>finalizado: 0<br/>grupo_id: <br/>id: 19<br/>monto: 3000.00<br/>plazo: 12<br/>tipo: INDIVIDUAL<br/>updated_at: 2024-04-26 23:54:06<br/>user_aprobado_id: 1<br/>user_desembolso_id: <br/>user_id: 1<br/>','PRESTAMOS','2024-04-26','23:54:06','2024-04-26 23:54:06','2024-04-26 23:54:06'),(83,1,'MODIFICACIÓN','EL USUARIO admin APROBO UN PRÉSTAMO','cliente_id: 20<br/>created_at: 2024-04-26 23:31:27<br/>croquis: 1<br/>desembolso: 0<br/>documento_1: Documentos del terreno<br/>documento_2: <br/>documento_3: <br/>documento_4: <br/>estado: PRE APROBADO<br/>f_agua: 1<br/>f_ci: 1<br/>f_luz: 1<br/>fecha_aprobado: <br/>fecha_desembolso: <br/>fecha_rechazado: <br/>fecha_registro: 2024-04-26<br/>finalizado: 0<br/>grupo_id: <br/>id: 20<br/>monto: 4000.00<br/>plazo: 12<br/>tipo: INDIVIDUAL<br/>updated_at: 2024-04-26 23:31:27<br/>user_aprobado_id: <br/>user_desembolso_id: <br/>user_id: 1<br/>','cliente_id: 20<br/>created_at: 2024-04-26 23:31:27<br/>croquis: 1<br/>desembolso: 0<br/>documento_1: Documentos del terreno<br/>documento_2: <br/>documento_3: <br/>documento_4: <br/>estado: APROBADO<br/>f_agua: 1<br/>f_ci: 1<br/>f_luz: 1<br/>fecha_aprobado: 2024-04-26<br/>fecha_desembolso: 2024-04-26<br/>fecha_rechazado: <br/>fecha_registro: 2024-04-26<br/>finalizado: 0<br/>grupo_id: <br/>id: 20<br/>monto: 4000.00<br/>plazo: 12<br/>tipo: INDIVIDUAL<br/>updated_at: 2024-04-26 23:54:18<br/>user_aprobado_id: 1<br/>user_desembolso_id: <br/>user_id: 1<br/>','PRESTAMOS','2024-04-26','23:54:18','2024-04-26 23:54:18','2024-04-26 23:54:18'),(84,1,'MODIFICACIÓN','EL USUARIO admin APROBO UN PRÉSTAMO','cliente_id: 21<br/>created_at: 2024-04-26 23:33:43<br/>croquis: 1<br/>desembolso: 0<br/>documento_1: Papeles de la Moto<br/>documento_2: <br/>documento_3: <br/>documento_4: <br/>estado: PRE APROBADO<br/>f_agua: 1<br/>f_ci: 1<br/>f_luz: 1<br/>fecha_aprobado: <br/>fecha_desembolso: <br/>fecha_rechazado: <br/>fecha_registro: 2024-04-26<br/>finalizado: 0<br/>grupo_id: <br/>id: 21<br/>monto: 3000.00<br/>plazo: 12<br/>tipo: INDIVIDUAL<br/>updated_at: 2024-04-26 23:33:43<br/>user_aprobado_id: <br/>user_desembolso_id: <br/>user_id: 1<br/>','cliente_id: 21<br/>created_at: 2024-04-26 23:33:43<br/>croquis: 1<br/>desembolso: 0<br/>documento_1: Papeles de la Moto<br/>documento_2: <br/>documento_3: <br/>documento_4: <br/>estado: APROBADO<br/>f_agua: 1<br/>f_ci: 1<br/>f_luz: 1<br/>fecha_aprobado: 2024-04-26<br/>fecha_desembolso: 2024-04-27<br/>fecha_rechazado: <br/>fecha_registro: 2024-04-26<br/>finalizado: 0<br/>grupo_id: <br/>id: 21<br/>monto: 3000.00<br/>plazo: 12<br/>tipo: INDIVIDUAL<br/>updated_at: 2024-04-26 23:54:43<br/>user_aprobado_id: 1<br/>user_desembolso_id: <br/>user_id: 1<br/>','PRESTAMOS','2024-04-26','23:54:43','2024-04-26 23:54:43','2024-04-26 23:54:43'),(85,1,'MODIFICACIÓN','EL USUARIO admin APROBO UN PRÉSTAMO','cliente_id: 22<br/>created_at: 2024-04-26 23:35:50<br/>croquis: 1<br/>desembolso: 0<br/>documento_1: Documentos del Auto<br/>documento_2: <br/>documento_3: <br/>documento_4: <br/>estado: PRE APROBADO<br/>f_agua: 1<br/>f_ci: 1<br/>f_luz: 1<br/>fecha_aprobado: <br/>fecha_desembolso: <br/>fecha_rechazado: <br/>fecha_registro: 2024-04-26<br/>finalizado: 0<br/>grupo_id: <br/>id: 22<br/>monto: 3500.00<br/>plazo: 12<br/>tipo: INDIVIDUAL<br/>updated_at: 2024-04-26 23:35:50<br/>user_aprobado_id: <br/>user_desembolso_id: <br/>user_id: 1<br/>','cliente_id: 22<br/>created_at: 2024-04-26 23:35:50<br/>croquis: 1<br/>desembolso: 0<br/>documento_1: Documentos del Auto<br/>documento_2: <br/>documento_3: <br/>documento_4: <br/>estado: APROBADO<br/>f_agua: 1<br/>f_ci: 1<br/>f_luz: 1<br/>fecha_aprobado: 2024-04-26<br/>fecha_desembolso: 2024-04-27<br/>fecha_rechazado: <br/>fecha_registro: 2024-04-26<br/>finalizado: 0<br/>grupo_id: <br/>id: 22<br/>monto: 3500.00<br/>plazo: 12<br/>tipo: INDIVIDUAL<br/>updated_at: 2024-04-26 23:54:55<br/>user_aprobado_id: 1<br/>user_desembolso_id: <br/>user_id: 1<br/>','PRESTAMOS','2024-04-26','23:54:55','2024-04-26 23:54:55','2024-04-26 23:54:55'),(86,1,'MODIFICACIÓN','EL USUARIO admin APROBO UN PRÉSTAMO','cliente_id: 23<br/>created_at: 2024-04-26 23:37:54<br/>croquis: 1<br/>desembolso: 0<br/>documento_1: Papeles del anticretico<br/>documento_2: <br/>documento_3: <br/>documento_4: <br/>estado: PRE APROBADO<br/>f_agua: 1<br/>f_ci: 1<br/>f_luz: 1<br/>fecha_aprobado: <br/>fecha_desembolso: <br/>fecha_rechazado: <br/>fecha_registro: 2024-04-26<br/>finalizado: 0<br/>grupo_id: <br/>id: 23<br/>monto: 3000.00<br/>plazo: 12<br/>tipo: INDIVIDUAL<br/>updated_at: 2024-04-26 23:37:54<br/>user_aprobado_id: <br/>user_desembolso_id: <br/>user_id: 1<br/>','cliente_id: 23<br/>created_at: 2024-04-26 23:37:54<br/>croquis: 1<br/>desembolso: 0<br/>documento_1: Papeles del anticretico<br/>documento_2: <br/>documento_3: <br/>documento_4: <br/>estado: APROBADO<br/>f_agua: 1<br/>f_ci: 1<br/>f_luz: 1<br/>fecha_aprobado: 2024-04-26<br/>fecha_desembolso: 2024-04-27<br/>fecha_rechazado: <br/>fecha_registro: 2024-04-26<br/>finalizado: 0<br/>grupo_id: <br/>id: 23<br/>monto: 3000.00<br/>plazo: 12<br/>tipo: INDIVIDUAL<br/>updated_at: 2024-04-26 23:55:07<br/>user_aprobado_id: 1<br/>user_desembolso_id: <br/>user_id: 1<br/>','PRESTAMOS','2024-04-26','23:55:07','2024-04-26 23:55:07','2024-04-26 23:55:07'),(87,1,'MODIFICACIÓN','EL USUARIO admin APROBO UN PRÉSTAMO','cliente_id: 24<br/>created_at: 2024-04-26 23:41:12<br/>croquis: 1<br/>desembolso: 0<br/>documento_1: Papeles del Auto<br/>documento_2: <br/>documento_3: <br/>documento_4: <br/>estado: PRE APROBADO<br/>f_agua: 1<br/>f_ci: 1<br/>f_luz: 1<br/>fecha_aprobado: <br/>fecha_desembolso: <br/>fecha_rechazado: <br/>fecha_registro: 2024-04-26<br/>finalizado: 0<br/>grupo_id: <br/>id: 24<br/>monto: 3500.00<br/>plazo: 12<br/>tipo: INDIVIDUAL<br/>updated_at: 2024-04-26 23:41:12<br/>user_aprobado_id: <br/>user_desembolso_id: <br/>user_id: 1<br/>','cliente_id: 24<br/>created_at: 2024-04-26 23:41:12<br/>croquis: 1<br/>desembolso: 0<br/>documento_1: Papeles del Auto<br/>documento_2: <br/>documento_3: <br/>documento_4: <br/>estado: APROBADO<br/>f_agua: 1<br/>f_ci: 1<br/>f_luz: 1<br/>fecha_aprobado: 2024-04-26<br/>fecha_desembolso: 2024-04-27<br/>fecha_rechazado: <br/>fecha_registro: 2024-04-26<br/>finalizado: 0<br/>grupo_id: <br/>id: 24<br/>monto: 3500.00<br/>plazo: 12<br/>tipo: INDIVIDUAL<br/>updated_at: 2024-04-26 23:55:27<br/>user_aprobado_id: 1<br/>user_desembolso_id: <br/>user_id: 1<br/>','PRESTAMOS','2024-04-26','23:55:27','2024-04-26 23:55:27','2024-04-26 23:55:27'),(88,1,'MODIFICACIÓN','EL USUARIO admin APROBO UN PRÉSTAMO','cliente_id: 25<br/>created_at: 2024-04-26 23:43:24<br/>croquis: 1<br/>desembolso: 0<br/>documento_1: Papeles de la moto<br/>documento_2: <br/>documento_3: <br/>documento_4: <br/>estado: PRE APROBADO<br/>f_agua: 1<br/>f_ci: 1<br/>f_luz: 1<br/>fecha_aprobado: <br/>fecha_desembolso: <br/>fecha_rechazado: <br/>fecha_registro: 2024-04-26<br/>finalizado: 0<br/>grupo_id: <br/>id: 25<br/>monto: 5000.00<br/>plazo: 12<br/>tipo: INDIVIDUAL<br/>updated_at: 2024-04-26 23:43:24<br/>user_aprobado_id: <br/>user_desembolso_id: <br/>user_id: 1<br/>','cliente_id: 25<br/>created_at: 2024-04-26 23:43:24<br/>croquis: 1<br/>desembolso: 0<br/>documento_1: Papeles de la moto<br/>documento_2: <br/>documento_3: <br/>documento_4: <br/>estado: APROBADO<br/>f_agua: 1<br/>f_ci: 1<br/>f_luz: 1<br/>fecha_aprobado: 2024-04-26<br/>fecha_desembolso: 2024-04-29<br/>fecha_rechazado: <br/>fecha_registro: 2024-04-26<br/>finalizado: 0<br/>grupo_id: <br/>id: 25<br/>monto: 5000.00<br/>plazo: 12<br/>tipo: INDIVIDUAL<br/>updated_at: 2024-04-26 23:55:50<br/>user_aprobado_id: 1<br/>user_desembolso_id: <br/>user_id: 1<br/>','PRESTAMOS','2024-04-26','23:55:50','2024-04-26 23:55:50','2024-04-26 23:55:50'),(89,1,'MODIFICACIÓN','EL USUARIO admin APROBO UN PRÉSTAMO','cliente_id: 26<br/>created_at: 2024-04-26 23:45:42<br/>croquis: 1<br/>desembolso: 0<br/>documento_1: Papeles del auto<br/>documento_2: <br/>documento_3: <br/>documento_4: <br/>estado: PRE APROBADO<br/>f_agua: 1<br/>f_ci: 1<br/>f_luz: 1<br/>fecha_aprobado: <br/>fecha_desembolso: <br/>fecha_rechazado: <br/>fecha_registro: 2024-04-26<br/>finalizado: 0<br/>grupo_id: <br/>id: 26<br/>monto: 2500.00<br/>plazo: 12<br/>tipo: INDIVIDUAL<br/>updated_at: 2024-04-26 23:45:42<br/>user_aprobado_id: <br/>user_desembolso_id: <br/>user_id: 1<br/>','cliente_id: 26<br/>created_at: 2024-04-26 23:45:42<br/>croquis: 1<br/>desembolso: 0<br/>documento_1: Papeles del auto<br/>documento_2: <br/>documento_3: <br/>documento_4: <br/>estado: APROBADO<br/>f_agua: 1<br/>f_ci: 1<br/>f_luz: 1<br/>fecha_aprobado: 2024-04-26<br/>fecha_desembolso: 2024-04-29<br/>fecha_rechazado: <br/>fecha_registro: 2024-04-26<br/>finalizado: 0<br/>grupo_id: <br/>id: 26<br/>monto: 2500.00<br/>plazo: 12<br/>tipo: INDIVIDUAL<br/>updated_at: 2024-04-26 23:56:03<br/>user_aprobado_id: 1<br/>user_desembolso_id: <br/>user_id: 1<br/>','PRESTAMOS','2024-04-26','23:56:03','2024-04-26 23:56:03','2024-04-26 23:56:03'),(90,1,'MODIFICACIÓN','EL USUARIO admin APROBO UN PRÉSTAMO GRUPAL','created_at: 2024-04-26 23:53:01<br/>desembolso: 0<br/>estado: PRE APROBADO<br/>fecha_aprobado: <br/>fecha_desembolso: <br/>fecha_rechazado: <br/>fecha_registro: 2024-04-26<br/>finalizado: 0<br/>id: 3<br/>integrantes: 3<br/>monto: 5000.00<br/>nombre: GRUPO MAMANI<br/>plazo: 12<br/>updated_at: 2024-04-26 23:53:01<br/>user_aprobado_id: <br/>user_desembolso_id: <br/>user_id: 1<br/>','created_at: 2024-04-26 23:53:01<br/>desembolso: 0<br/>estado: APROBADO<br/>fecha_aprobado: 2024-04-26<br/>fecha_desembolso: 2024-04-29<br/>fecha_rechazado: <br/>fecha_registro: 2024-04-26<br/>finalizado: 0<br/>id: 3<br/>integrantes: 3<br/>monto: 5000.00<br/>nombre: GRUPO MAMANI<br/>plazo: 12<br/>updated_at: 2024-04-26 23:56:48<br/>user_aprobado_id: 1<br/>user_desembolso_id: <br/>user_id: 1<br/>','PRESTAMOS','2024-04-26','23:56:48','2024-04-26 23:56:48','2024-04-26 23:56:48'),(91,1,'MODIFICACIÓN','EL USUARIO admin REALIZÓ EL DESEMBOLSO DE UN PRESTAMO','cliente_id: 18<br/>created_at: 2024-04-26 23:24:22<br/>croquis: 1<br/>desembolso: 0<br/>documento_1: Papeles del Auto<br/>documento_2: <br/>documento_3: <br/>documento_4: <br/>estado: APROBADO<br/>f_agua: 1<br/>f_ci: 1<br/>f_luz: 1<br/>fecha_aprobado: 2024-04-26<br/>fecha_desembolso: 2024-04-26<br/>fecha_rechazado: <br/>fecha_registro: 2024-04-26<br/>finalizado: 0<br/>grupo_id: <br/>id: 18<br/>monto: 2500.00<br/>plazo: 12<br/>tipo: INDIVIDUAL<br/>updated_at: 2024-04-26 23:53:50<br/>user_aprobado_id: 1<br/>user_desembolso_id: <br/>user_id: 1<br/>','cliente_id: 18<br/>created_at: 2024-04-26 23:24:22<br/>croquis: 1<br/>desembolso: 1<br/>documento_1: Papeles del Auto<br/>documento_2: <br/>documento_3: <br/>documento_4: <br/>estado: APROBADO<br/>f_agua: 1<br/>f_ci: 1<br/>f_luz: 1<br/>fecha_aprobado: 2024-04-26<br/>fecha_desembolso: 2024-04-26<br/>fecha_rechazado: <br/>fecha_registro: 2024-04-26<br/>finalizado: 0<br/>grupo_id: <br/>id: 18<br/>monto: 2500.00<br/>plazo: 12<br/>tipo: INDIVIDUAL<br/>updated_at: 2024-04-26 23:57:42<br/>user_aprobado_id: 1<br/>user_desembolso_id: 1<br/>user_id: 1<br/>','PRESTAMOS','2024-04-26','23:57:42','2024-04-26 23:57:42','2024-04-26 23:57:42'),(92,1,'MODIFICACIÓN','EL USUARIO admin REALIZÓ EL DESEMBOLSO DE UN PRESTAMO','cliente_id: 19<br/>created_at: 2024-04-26 23:26:18<br/>croquis: 1<br/>desembolso: 0<br/>documento_1: Papeles de Moto<br/>documento_2: <br/>documento_3: <br/>documento_4: <br/>estado: APROBADO<br/>f_agua: 1<br/>f_ci: 1<br/>f_luz: 1<br/>fecha_aprobado: 2024-04-26<br/>fecha_desembolso: 2024-04-26<br/>fecha_rechazado: <br/>fecha_registro: 2024-04-26<br/>finalizado: 0<br/>grupo_id: <br/>id: 19<br/>monto: 3000.00<br/>plazo: 12<br/>tipo: INDIVIDUAL<br/>updated_at: 2024-04-26 23:54:06<br/>user_aprobado_id: 1<br/>user_desembolso_id: <br/>user_id: 1<br/>','cliente_id: 19<br/>created_at: 2024-04-26 23:26:18<br/>croquis: 1<br/>desembolso: 1<br/>documento_1: Papeles de Moto<br/>documento_2: <br/>documento_3: <br/>documento_4: <br/>estado: APROBADO<br/>f_agua: 1<br/>f_ci: 1<br/>f_luz: 1<br/>fecha_aprobado: 2024-04-26<br/>fecha_desembolso: 2024-04-26<br/>fecha_rechazado: <br/>fecha_registro: 2024-04-26<br/>finalizado: 0<br/>grupo_id: <br/>id: 19<br/>monto: 3000.00<br/>plazo: 12<br/>tipo: INDIVIDUAL<br/>updated_at: 2024-04-26 23:57:58<br/>user_aprobado_id: 1<br/>user_desembolso_id: 1<br/>user_id: 1<br/>','PRESTAMOS','2024-04-26','23:57:58','2024-04-26 23:57:58','2024-04-26 23:57:58'),(93,1,'MODIFICACIÓN','EL USUARIO admin REALIZÓ EL DESEMBOLSO DE UN PRESTAMO','cliente_id: 20<br/>created_at: 2024-04-26 23:31:27<br/>croquis: 1<br/>desembolso: 0<br/>documento_1: Documentos del terreno<br/>documento_2: <br/>documento_3: <br/>documento_4: <br/>estado: APROBADO<br/>f_agua: 1<br/>f_ci: 1<br/>f_luz: 1<br/>fecha_aprobado: 2024-04-26<br/>fecha_desembolso: 2024-04-26<br/>fecha_rechazado: <br/>fecha_registro: 2024-04-26<br/>finalizado: 0<br/>grupo_id: <br/>id: 20<br/>monto: 4000.00<br/>plazo: 12<br/>tipo: INDIVIDUAL<br/>updated_at: 2024-04-26 23:54:18<br/>user_aprobado_id: 1<br/>user_desembolso_id: <br/>user_id: 1<br/>','cliente_id: 20<br/>created_at: 2024-04-26 23:31:27<br/>croquis: 1<br/>desembolso: 1<br/>documento_1: Documentos del terreno<br/>documento_2: <br/>documento_3: <br/>documento_4: <br/>estado: APROBADO<br/>f_agua: 1<br/>f_ci: 1<br/>f_luz: 1<br/>fecha_aprobado: 2024-04-26<br/>fecha_desembolso: 2024-04-26<br/>fecha_rechazado: <br/>fecha_registro: 2024-04-26<br/>finalizado: 0<br/>grupo_id: <br/>id: 20<br/>monto: 4000.00<br/>plazo: 12<br/>tipo: INDIVIDUAL<br/>updated_at: 2024-04-26 23:58:10<br/>user_aprobado_id: 1<br/>user_desembolso_id: 1<br/>user_id: 1<br/>','PRESTAMOS','2024-04-26','23:58:10','2024-04-26 23:58:10','2024-04-26 23:58:10'),(94,1,'CREACIÓN','EL USUARIO admin REGISTRO UN PRESTAMO','cliente_id: 30<br/>created_at: 2024-04-27 00:01:59<br/>croquis: 1<br/>desembolso: <br/>documento_1: Papeles del Auto<br/>documento_2: <br/>documento_3: <br/>documento_4: <br/>estado: PRE APROBADO<br/>f_agua: 1<br/>f_ci: 1<br/>f_luz: 1<br/>fecha_aprobado: <br/>fecha_desembolso: <br/>fecha_rechazado: <br/>fecha_registro: 2024-04-27<br/>finalizado: <br/>grupo_id: <br/>id: 30<br/>monto: 3000<br/>plazo: 12<br/>tipo: INDIVIDUAL<br/>updated_at: 2024-04-27 00:01:59<br/>user_aprobado_id: <br/>user_desembolso_id: <br/>user_id: 1<br/>',NULL,'PRESTAMOS','2024-04-27','00:01:59','2024-04-27 00:01:59','2024-04-27 00:01:59'),(95,1,'CREACIÓN','EL USUARIO admin REGISTRO UN PRESTAMO','cliente_id: 31<br/>created_at: 2024-04-27 00:05:12<br/>croquis: 1<br/>desembolso: <br/>documento_1: Papeles del auto<br/>documento_2: <br/>documento_3: <br/>documento_4: <br/>estado: PRE APROBADO<br/>f_agua: 1<br/>f_ci: 1<br/>f_luz: 1<br/>fecha_aprobado: <br/>fecha_desembolso: <br/>fecha_rechazado: <br/>fecha_registro: 2024-04-27<br/>finalizado: <br/>grupo_id: <br/>id: 31<br/>monto: 2500<br/>plazo: 12<br/>tipo: INDIVIDUAL<br/>updated_at: 2024-04-27 00:05:12<br/>user_aprobado_id: <br/>user_desembolso_id: <br/>user_id: 1<br/>',NULL,'PRESTAMOS','2024-04-27','00:05:12','2024-04-27 00:05:12','2024-04-27 00:05:12'),(96,1,'CREACIÓN','EL USUARIO admin REGISTRO UN PRESTAMO','cliente_id: 32<br/>created_at: 2024-04-27 00:12:19<br/>croquis: 1<br/>desembolso: <br/>documento_1: Papeles de la moto<br/>documento_2: <br/>documento_3: <br/>documento_4: <br/>estado: PRE APROBADO<br/>f_agua: 1<br/>f_ci: 1<br/>f_luz: 1<br/>fecha_aprobado: <br/>fecha_desembolso: <br/>fecha_rechazado: <br/>fecha_registro: 2024-04-27<br/>finalizado: <br/>grupo_id: <br/>id: 32<br/>monto: 2800<br/>plazo: 12<br/>tipo: INDIVIDUAL<br/>updated_at: 2024-04-27 00:12:19<br/>user_aprobado_id: <br/>user_desembolso_id: <br/>user_id: 1<br/>',NULL,'PRESTAMOS','2024-04-27','00:12:19','2024-04-27 00:12:19','2024-04-27 00:12:19'),(97,1,'CREACIÓN','EL USUARIO admin REGISTRO UN PRESTAMO','cliente_id: 33<br/>created_at: 2024-04-27 00:19:16<br/>croquis: 1<br/>desembolso: <br/>documento_1: Papeles del Auto<br/>documento_2: <br/>documento_3: <br/>documento_4: <br/>estado: PRE APROBADO<br/>f_agua: 1<br/>f_ci: 1<br/>f_luz: 1<br/>fecha_aprobado: <br/>fecha_desembolso: <br/>fecha_rechazado: <br/>fecha_registro: 2024-04-27<br/>finalizado: <br/>grupo_id: 4<br/>id: 33<br/>monto: 1333.33<br/>plazo: 12<br/>tipo: GRUPAL<br/>updated_at: 2024-04-27 00:19:16<br/>user_aprobado_id: <br/>user_desembolso_id: <br/>user_id: 1<br/>',NULL,'PRESTAMOS','2024-04-27','00:19:16','2024-04-27 00:19:16','2024-04-27 00:19:16'),(98,1,'CREACIÓN','EL USUARIO admin REGISTRO UN PRESTAMO','cliente_id: 34<br/>created_at: 2024-04-27 00:19:16<br/>croquis: 1<br/>desembolso: <br/>documento_1: papeles de la moto<br/>documento_2: <br/>documento_3: <br/>documento_4: <br/>estado: PRE APROBADO<br/>f_agua: 1<br/>f_ci: 1<br/>f_luz: 1<br/>fecha_aprobado: <br/>fecha_desembolso: <br/>fecha_rechazado: <br/>fecha_registro: 2024-04-27<br/>finalizado: <br/>grupo_id: 4<br/>id: 34<br/>monto: 1333.33<br/>plazo: 12<br/>tipo: GRUPAL<br/>updated_at: 2024-04-27 00:19:16<br/>user_aprobado_id: <br/>user_desembolso_id: <br/>user_id: 1<br/>',NULL,'PRESTAMOS','2024-04-27','00:19:16','2024-04-27 00:19:16','2024-04-27 00:19:16'),(99,1,'CREACIÓN','EL USUARIO admin REGISTRO UN PRESTAMO','cliente_id: 35<br/>created_at: 2024-04-27 00:19:16<br/>croquis: 1<br/>desembolso: <br/>documento_1: Papeles de la moto<br/>documento_2: <br/>documento_3: <br/>documento_4: <br/>estado: PRE APROBADO<br/>f_agua: 1<br/>f_ci: 1<br/>f_luz: 1<br/>fecha_aprobado: <br/>fecha_desembolso: <br/>fecha_rechazado: <br/>fecha_registro: 2024-04-27<br/>finalizado: <br/>grupo_id: 4<br/>id: 35<br/>monto: 1333.33<br/>plazo: 12<br/>tipo: GRUPAL<br/>updated_at: 2024-04-27 00:19:16<br/>user_aprobado_id: <br/>user_desembolso_id: <br/>user_id: 1<br/>',NULL,'PRESTAMOS','2024-04-27','00:19:16','2024-04-27 00:19:16','2024-04-27 00:19:16'),(100,1,'CREACIÓN','EL USUARIO admin REGISTRO UN PRESTAMO','cliente_id: 36<br/>created_at: 2024-04-27 00:25:47<br/>croquis: 1<br/>desembolso: <br/>documento_1: Papeles del auto<br/>documento_2: <br/>documento_3: <br/>documento_4: <br/>estado: PRE APROBADO<br/>f_agua: 1<br/>f_ci: 1<br/>f_luz: 1<br/>fecha_aprobado: <br/>fecha_desembolso: <br/>fecha_rechazado: <br/>fecha_registro: 2024-04-27<br/>finalizado: <br/>grupo_id: 5<br/>id: 36<br/>monto: 1500.00<br/>plazo: 12<br/>tipo: GRUPAL<br/>updated_at: 2024-04-27 00:25:47<br/>user_aprobado_id: <br/>user_desembolso_id: <br/>user_id: 1<br/>',NULL,'PRESTAMOS','2024-04-27','00:25:47','2024-04-27 00:25:47','2024-04-27 00:25:47'),(101,1,'CREACIÓN','EL USUARIO admin REGISTRO UN PRESTAMO','cliente_id: 37<br/>created_at: 2024-04-27 00:25:47<br/>croquis: 1<br/>desembolso: <br/>documento_1: Papeles del Auto<br/>documento_2: <br/>documento_3: <br/>documento_4: <br/>estado: PRE APROBADO<br/>f_agua: 1<br/>f_ci: 1<br/>f_luz: 1<br/>fecha_aprobado: <br/>fecha_desembolso: <br/>fecha_rechazado: <br/>fecha_registro: 2024-04-27<br/>finalizado: <br/>grupo_id: 5<br/>id: 37<br/>monto: 1500.00<br/>plazo: 12<br/>tipo: GRUPAL<br/>updated_at: 2024-04-27 00:25:47<br/>user_aprobado_id: <br/>user_desembolso_id: <br/>user_id: 1<br/>',NULL,'PRESTAMOS','2024-04-27','00:25:47','2024-04-27 00:25:47','2024-04-27 00:25:47'),(102,1,'MODIFICACIÓN','EL USUARIO admin APROBO UN PRÉSTAMO GRUPAL','created_at: 2024-04-27 00:19:16<br/>desembolso: 0<br/>estado: PRE APROBADO<br/>fecha_aprobado: <br/>fecha_desembolso: <br/>fecha_rechazado: <br/>fecha_registro: 2024-04-27<br/>finalizado: 0<br/>id: 4<br/>integrantes: 3<br/>monto: 4000.00<br/>nombre: GRUPO ORTIS<br/>plazo: 12<br/>updated_at: 2024-04-27 00:19:16<br/>user_aprobado_id: <br/>user_desembolso_id: <br/>user_id: 1<br/>','created_at: 2024-04-27 00:19:16<br/>desembolso: 0<br/>estado: APROBADO<br/>fecha_aprobado: 2024-04-27<br/>fecha_desembolso: 2024-04-27<br/>fecha_rechazado: <br/>fecha_registro: 2024-04-27<br/>finalizado: 0<br/>id: 4<br/>integrantes: 3<br/>monto: 4000.00<br/>nombre: GRUPO ORTIS<br/>plazo: 12<br/>updated_at: 2024-04-27 00:26:13<br/>user_aprobado_id: 1<br/>user_desembolso_id: <br/>user_id: 1<br/>','PRESTAMOS','2024-04-27','00:26:13','2024-04-27 00:26:13','2024-04-27 00:26:13'),(103,1,'MODIFICACIÓN','EL USUARIO admin APROBO UN PRÉSTAMO GRUPAL','created_at: 2024-04-27 00:25:47<br/>desembolso: 0<br/>estado: PRE APROBADO<br/>fecha_aprobado: <br/>fecha_desembolso: <br/>fecha_rechazado: <br/>fecha_registro: 2024-04-27<br/>finalizado: 0<br/>id: 5<br/>integrantes: 2<br/>monto: 3000.00<br/>nombre: GRUPO<br/>plazo: 12<br/>updated_at: 2024-04-27 00:25:47<br/>user_aprobado_id: <br/>user_desembolso_id: <br/>user_id: 1<br/>','created_at: 2024-04-27 00:25:47<br/>desembolso: 0<br/>estado: APROBADO<br/>fecha_aprobado: 2024-04-27<br/>fecha_desembolso: 2024-04-29<br/>fecha_rechazado: <br/>fecha_registro: 2024-04-27<br/>finalizado: 0<br/>id: 5<br/>integrantes: 2<br/>monto: 3000.00<br/>nombre: GRUPO<br/>plazo: 12<br/>updated_at: 2024-04-27 00:27:05<br/>user_aprobado_id: 1<br/>user_desembolso_id: <br/>user_id: 1<br/>','PRESTAMOS','2024-04-27','00:27:05','2024-04-27 00:27:05','2024-04-27 00:27:05'),(104,1,'MODIFICACIÓN','EL USUARIO admin REALIZÓ EL DESEMBOLSO DE UN PRESTAMO GRUPAL','created_at: 2024-04-27 00:19:16<br/>desembolso: 0<br/>estado: APROBADO<br/>fecha_aprobado: 2024-04-27<br/>fecha_desembolso: 2024-04-27<br/>fecha_rechazado: <br/>fecha_registro: 2024-04-27<br/>finalizado: 0<br/>id: 4<br/>integrantes: 3<br/>monto: 4000.00<br/>nombre: GRUPO ORTIS<br/>plazo: 12<br/>updated_at: 2024-04-27 00:26:13<br/>user_aprobado_id: 1<br/>user_desembolso_id: <br/>user_id: 1<br/>','created_at: 2024-04-27 00:19:16<br/>desembolso: 1<br/>estado: APROBADO<br/>fecha_aprobado: 2024-04-27<br/>fecha_desembolso: 2024-04-27<br/>fecha_rechazado: <br/>fecha_registro: 2024-04-27<br/>finalizado: 0<br/>id: 4<br/>integrantes: 3<br/>monto: 4000.00<br/>nombre: GRUPO ORTIS<br/>plazo: 12<br/>updated_at: 2024-04-27 00:27:23<br/>user_aprobado_id: 1<br/>user_desembolso_id: 1<br/>user_id: 1<br/>','PRESTAMOS','2024-04-27','00:27:23','2024-04-27 00:27:23','2024-04-27 00:27:23'),(105,1,'MODIFICACIÓN','EL USUARIO admin REALIZÓ EL DESEMBOLSO DE UN PRESTAMO GRUPAL','created_at: 2024-02-26 22:02:30<br/>desembolso: 0<br/>estado: APROBADO<br/>fecha_aprobado: 2024-02-26<br/>fecha_desembolso: 2024-04-27<br/>fecha_rechazado: <br/>fecha_registro: 2024-02-26<br/>finalizado: 0<br/>id: 1<br/>integrantes: 3<br/>monto: 3000.00<br/>nombre: LOS PUNTUALES<br/>plazo: 12<br/>updated_at: 2024-04-27 18:02:40<br/>user_aprobado_id: 1<br/>user_desembolso_id: <br/>user_id: 1<br/>','created_at: 2024-02-26 22:02:30<br/>desembolso: 1<br/>estado: APROBADO<br/>fecha_aprobado: 2024-02-26<br/>fecha_desembolso: 2024-04-27<br/>fecha_rechazado: <br/>fecha_registro: 2024-02-26<br/>finalizado: 0<br/>id: 1<br/>integrantes: 3<br/>monto: 3000.00<br/>nombre: LOS PUNTUALES<br/>plazo: 12<br/>updated_at: 2024-04-27 18:03:24<br/>user_aprobado_id: 1<br/>user_desembolso_id: 1<br/>user_id: 1<br/>','PRESTAMOS','2024-04-27','18:03:24','2024-04-27 18:03:24','2024-04-27 18:03:24'),(106,2,'MODIFICACIÓN','EL USUARIO JPERES REGISTRO EL PAGO DE UN PRESTAMO GRUPAL','cliente_id: <br/>created_at: 2024-04-27 18:16:18<br/>dias_mora: 32<br/>fecha_pago: 2024-04-27<br/>grupo_id: 2<br/>grupo_plan_pago_id: 13<br/>id: 25<br/>interes: 122.50<br/>monto: 778.67<br/>monto_mora: 960<br/>monto_total: 1861.17<br/>nro_cuota: 1<br/>plan_pago_id: <br/>prestamo_id: <br/>tipo_pago: CUOTA<br/>tipo_prestamo: GRUPAL<br/>updated_at: 2024-04-27 18:16:18<br/>user_id: 2<br/>',NULL,'PAGOS','2024-04-27','18:16:18','2024-04-27 18:16:18','2024-04-27 18:16:18'),(107,2,'MODIFICACIÓN','EL USUARIO JPERES REGISTRO EL PAGO DE UN PRESTAMO GRUPAL','cliente_id: <br/>created_at: 2024-04-27 18:18:03<br/>dias_mora: 25<br/>fecha_pago: 2024-04-27<br/>grupo_id: 2<br/>grupo_plan_pago_id: 14<br/>id: 26<br/>interes: 112.96<br/>monto: 788.20<br/>monto_mora: 750<br/>monto_total: 1651.16<br/>nro_cuota: 2<br/>plan_pago_id: <br/>prestamo_id: <br/>tipo_pago: CUOTA<br/>tipo_prestamo: GRUPAL<br/>updated_at: 2024-04-27 18:18:03<br/>user_id: 2<br/>',NULL,'PAGOS','2024-04-27','18:18:03','2024-04-27 18:18:03','2024-04-27 18:18:03'),(108,2,'MODIFICACIÓN','EL USUARIO JPERES REGISTRO EL PAGO DE UN PRESTAMO GRUPAL','cliente_id: <br/>created_at: 2024-04-27 18:19:12<br/>dias_mora: 18<br/>fecha_pago: 2024-04-27<br/>grupo_id: 2<br/>grupo_plan_pago_id: 15<br/>id: 27<br/>interes: 103.31<br/>monto: 797.86<br/>monto_mora: 540<br/>monto_total: 1441.17<br/>nro_cuota: 3<br/>plan_pago_id: <br/>prestamo_id: <br/>tipo_pago: CUOTA<br/>tipo_prestamo: GRUPAL<br/>updated_at: 2024-04-27 18:19:12<br/>user_id: 2<br/>',NULL,'PAGOS','2024-04-27','18:19:12','2024-04-27 18:19:12','2024-04-27 18:19:12'),(109,2,'MODIFICACIÓN','EL USUARIO JPERES REGISTRO EL PAGO DE UN PRESTAMO GRUPAL','cliente_id: <br/>created_at: 2024-04-27 18:19:21<br/>dias_mora: 11<br/>fecha_pago: 2024-04-27<br/>grupo_id: 2<br/>grupo_plan_pago_id: 16<br/>id: 28<br/>interes: 93.53<br/>monto: 807.63<br/>monto_mora: 330<br/>monto_total: 1231.16<br/>nro_cuota: 4<br/>plan_pago_id: <br/>prestamo_id: <br/>tipo_pago: CUOTA<br/>tipo_prestamo: GRUPAL<br/>updated_at: 2024-04-27 18:19:21<br/>user_id: 2<br/>',NULL,'PAGOS','2024-04-27','18:19:21','2024-04-27 18:19:21','2024-04-27 18:19:21'),(110,2,'MODIFICACIÓN','EL USUARIO JPERES REGISTRO EL PAGO DE UN PRESTAMO GRUPAL','cliente_id: <br/>created_at: 2024-04-27 18:19:32<br/>dias_mora: 4<br/>fecha_pago: 2024-04-27<br/>grupo_id: 2<br/>grupo_plan_pago_id: 17<br/>id: 29<br/>interes: 83.64<br/>monto: 817.53<br/>monto_mora: 120<br/>monto_total: 1021.17<br/>nro_cuota: 5<br/>plan_pago_id: <br/>prestamo_id: <br/>tipo_pago: CUOTA<br/>tipo_prestamo: GRUPAL<br/>updated_at: 2024-04-27 18:19:32<br/>user_id: 2<br/>',NULL,'PAGOS','2024-04-27','18:19:32','2024-04-27 18:19:32','2024-04-27 18:19:32'),(111,1,'MODIFICACIÓN','EL USUARIO  MODIFICÓ UN CLIENTE','cel: 74439649<br/>cel_ref: 75539739<br/>ci: 7636519<br/>ci_exp: LP<br/>created_at: 2024-01-29 20:44:36<br/>dir: ZONA PABON CALLE 1 N° 9<br/>edad: 33<br/>fecha_registro: 2024-01-29<br/>fono: <br/>id: 1<br/>materno: GUTI<br/>nombre: JUAN<br/>parentesco: PADRE<br/>paterno: ROMERO<br/>referencia: JOSE ROMERO<br/>segundo_nombre: JORGE<br/>updated_at: 2024-01-29 20:44:36<br/>','cel: 74439649<br/>cel_ref: 75539739<br/>ci: 7636519<br/>ci_exp: LP<br/>created_at: 2024-01-29 20:44:36<br/>dir: ZONA PABON CALLE 1 N° 9<br/>edad: 33<br/>fecha_registro: 2024-01-29<br/>fono: <br/>id: 1<br/>materno: GUTI<br/>nombre: JUAN<br/>parentesco: PADRE<br/>paterno: ROMERO<br/>referencia: JOSE ROMERO<br/>segundo_nombre: JORGE<br/>updated_at: 2024-01-29 20:44:36<br/>','CLIENTES','2024-04-27','19:12:15','2024-04-27 19:12:15','2024-04-27 19:12:15'),(112,1,'MODIFICACIÓN','EL USUARIO admin REALIZÓ EL DESEMBOLSO DE UN PRESTAMO','cliente_id: 21<br/>created_at: 2024-04-26 23:33:43<br/>croquis: 1<br/>desembolso: 0<br/>documento_1: Papeles de la Moto<br/>documento_2: <br/>documento_3: <br/>documento_4: <br/>estado: APROBADO<br/>f_agua: 1<br/>f_ci: 1<br/>f_luz: 1<br/>fecha_aprobado: 2024-04-26<br/>fecha_desembolso: 2024-04-28<br/>fecha_rechazado: <br/>fecha_registro: 2024-04-26<br/>finalizado: 0<br/>grupo_id: <br/>id: 21<br/>monto: 3000.00<br/>plazo: 12<br/>tipo: INDIVIDUAL<br/>updated_at: 2024-04-28 20:17:09<br/>user_aprobado_id: 1<br/>user_desembolso_id: <br/>user_id: 1<br/>','cliente_id: 21<br/>created_at: 2024-04-26 23:33:43<br/>croquis: 1<br/>desembolso: 1<br/>documento_1: Papeles de la Moto<br/>documento_2: <br/>documento_3: <br/>documento_4: <br/>estado: APROBADO<br/>f_agua: 1<br/>f_ci: 1<br/>f_luz: 1<br/>fecha_aprobado: 2024-04-26<br/>fecha_desembolso: 2024-04-28<br/>fecha_rechazado: <br/>fecha_registro: 2024-04-26<br/>finalizado: 0<br/>grupo_id: <br/>id: 21<br/>monto: 3000.00<br/>plazo: 12<br/>tipo: INDIVIDUAL<br/>updated_at: 2024-04-28 20:17:21<br/>user_aprobado_id: 1<br/>user_desembolso_id: 1<br/>user_id: 1<br/>','PRESTAMOS','2024-04-28','20:17:21','2024-04-28 20:17:21','2024-04-28 20:17:21'),(113,1,'MODIFICACIÓN','EL USUARIO admin REALIZÓ EL DESEMBOLSO DE UN PRESTAMO','cliente_id: 22<br/>created_at: 2024-04-26 23:35:50<br/>croquis: 1<br/>desembolso: 0<br/>documento_1: Documentos del Auto<br/>documento_2: <br/>documento_3: <br/>documento_4: <br/>estado: APROBADO<br/>f_agua: 1<br/>f_ci: 1<br/>f_luz: 1<br/>fecha_aprobado: 2024-04-26<br/>fecha_desembolso: 2024-04-28<br/>fecha_rechazado: <br/>fecha_registro: 2024-04-26<br/>finalizado: 0<br/>grupo_id: <br/>id: 22<br/>monto: 3500.00<br/>plazo: 12<br/>tipo: INDIVIDUAL<br/>updated_at: 2024-04-28 20:18:13<br/>user_aprobado_id: 1<br/>user_desembolso_id: <br/>user_id: 1<br/>','cliente_id: 22<br/>created_at: 2024-04-26 23:35:50<br/>croquis: 1<br/>desembolso: 1<br/>documento_1: Documentos del Auto<br/>documento_2: <br/>documento_3: <br/>documento_4: <br/>estado: APROBADO<br/>f_agua: 1<br/>f_ci: 1<br/>f_luz: 1<br/>fecha_aprobado: 2024-04-26<br/>fecha_desembolso: 2024-04-28<br/>fecha_rechazado: <br/>fecha_registro: 2024-04-26<br/>finalizado: 0<br/>grupo_id: <br/>id: 22<br/>monto: 3500.00<br/>plazo: 12<br/>tipo: INDIVIDUAL<br/>updated_at: 2024-04-28 20:18:28<br/>user_aprobado_id: 1<br/>user_desembolso_id: 1<br/>user_id: 1<br/>','PRESTAMOS','2024-04-28','20:18:28','2024-04-28 20:18:28','2024-04-28 20:18:28'),(114,1,'MODIFICACIÓN','EL USUARIO admin REALIZÓ EL DESEMBOLSO DE UN PRESTAMO','cliente_id: 23<br/>created_at: 2024-04-26 23:37:54<br/>croquis: 1<br/>desembolso: 0<br/>documento_1: Papeles del anticretico<br/>documento_2: <br/>documento_3: <br/>documento_4: <br/>estado: APROBADO<br/>f_agua: 1<br/>f_ci: 1<br/>f_luz: 1<br/>fecha_aprobado: 2024-04-26<br/>fecha_desembolso: 2024-04-28<br/>fecha_rechazado: <br/>fecha_registro: 2024-04-26<br/>finalizado: 0<br/>grupo_id: <br/>id: 23<br/>monto: 3000.00<br/>plazo: 12<br/>tipo: INDIVIDUAL<br/>updated_at: 2024-04-28 20:18:56<br/>user_aprobado_id: 1<br/>user_desembolso_id: <br/>user_id: 1<br/>','cliente_id: 23<br/>created_at: 2024-04-26 23:37:54<br/>croquis: 1<br/>desembolso: 1<br/>documento_1: Papeles del anticretico<br/>documento_2: <br/>documento_3: <br/>documento_4: <br/>estado: APROBADO<br/>f_agua: 1<br/>f_ci: 1<br/>f_luz: 1<br/>fecha_aprobado: 2024-04-26<br/>fecha_desembolso: 2024-04-28<br/>fecha_rechazado: <br/>fecha_registro: 2024-04-26<br/>finalizado: 0<br/>grupo_id: <br/>id: 23<br/>monto: 3000.00<br/>plazo: 12<br/>tipo: INDIVIDUAL<br/>updated_at: 2024-04-28 20:19:06<br/>user_aprobado_id: 1<br/>user_desembolso_id: 1<br/>user_id: 1<br/>','PRESTAMOS','2024-04-28','20:19:06','2024-04-28 20:19:06','2024-04-28 20:19:06'),(115,1,'MODIFICACIÓN','EL USUARIO admin REALIZÓ EL DESEMBOLSO DE UN PRESTAMO','cliente_id: 24<br/>created_at: 2024-04-26 23:41:12<br/>croquis: 1<br/>desembolso: 0<br/>documento_1: Papeles del Auto<br/>documento_2: <br/>documento_3: <br/>documento_4: <br/>estado: APROBADO<br/>f_agua: 1<br/>f_ci: 1<br/>f_luz: 1<br/>fecha_aprobado: 2024-04-26<br/>fecha_desembolso: 2024-04-28<br/>fecha_rechazado: <br/>fecha_registro: 2024-04-26<br/>finalizado: 0<br/>grupo_id: <br/>id: 24<br/>monto: 3500.00<br/>plazo: 12<br/>tipo: INDIVIDUAL<br/>updated_at: 2024-04-28 20:19:35<br/>user_aprobado_id: 1<br/>user_desembolso_id: <br/>user_id: 1<br/>','cliente_id: 24<br/>created_at: 2024-04-26 23:41:12<br/>croquis: 1<br/>desembolso: 1<br/>documento_1: Papeles del Auto<br/>documento_2: <br/>documento_3: <br/>documento_4: <br/>estado: APROBADO<br/>f_agua: 1<br/>f_ci: 1<br/>f_luz: 1<br/>fecha_aprobado: 2024-04-26<br/>fecha_desembolso: 2024-04-28<br/>fecha_rechazado: <br/>fecha_registro: 2024-04-26<br/>finalizado: 0<br/>grupo_id: <br/>id: 24<br/>monto: 3500.00<br/>plazo: 12<br/>tipo: INDIVIDUAL<br/>updated_at: 2024-04-28 20:19:46<br/>user_aprobado_id: 1<br/>user_desembolso_id: 1<br/>user_id: 1<br/>','PRESTAMOS','2024-04-28','20:19:46','2024-04-28 20:19:46','2024-04-28 20:19:46'),(116,1,'MODIFICACIÓN','EL USUARIO admin REALIZÓ EL DESEMBOLSO DE UN PRESTAMO','cliente_id: 3<br/>created_at: 2024-02-04 23:06:22<br/>croquis: 1<br/>desembolso: 0<br/>documento_1: Auto<br/>documento_2: <br/>documento_3: <br/>documento_4: <br/>estado: APROBADO<br/>f_agua: 1<br/>f_ci: 1<br/>f_luz: 1<br/>fecha_aprobado: 2024-02-04<br/>fecha_desembolso: 2024-04-28<br/>fecha_rechazado: <br/>fecha_registro: 2024-02-04<br/>finalizado: 0<br/>grupo_id: <br/>id: 3<br/>monto: 1500.00<br/>plazo: 12<br/>tipo: INDIVIDUAL<br/>updated_at: 2024-04-28 20:42:03<br/>user_aprobado_id: 1<br/>user_desembolso_id: <br/>user_id: 1<br/>','cliente_id: 3<br/>created_at: 2024-02-04 23:06:22<br/>croquis: 1<br/>desembolso: 1<br/>documento_1: Auto<br/>documento_2: <br/>documento_3: <br/>documento_4: <br/>estado: APROBADO<br/>f_agua: 1<br/>f_ci: 1<br/>f_luz: 1<br/>fecha_aprobado: 2024-02-04<br/>fecha_desembolso: 2024-04-28<br/>fecha_rechazado: <br/>fecha_registro: 2024-02-04<br/>finalizado: 0<br/>grupo_id: <br/>id: 3<br/>monto: 1500.00<br/>plazo: 12<br/>tipo: INDIVIDUAL<br/>updated_at: 2024-04-28 20:42:15<br/>user_aprobado_id: 1<br/>user_desembolso_id: 1<br/>user_id: 1<br/>','PRESTAMOS','2024-04-28','20:42:15','2024-04-28 20:42:15','2024-04-28 20:42:15'),(117,1,'MODIFICACIÓN','EL USUARIO admin REALIZÓ EL DESEMBOLSO DE UN PRESTAMO','cliente_id: 5<br/>created_at: 2024-02-07 22:05:03<br/>croquis: 1<br/>desembolso: 0<br/>documento_1: camion<br/>documento_2: <br/>documento_3: <br/>documento_4: <br/>estado: APROBADO<br/>f_agua: 1<br/>f_ci: 1<br/>f_luz: 1<br/>fecha_aprobado: 2024-02-07<br/>fecha_desembolso: 2024-04-28<br/>fecha_rechazado: <br/>fecha_registro: 2024-02-07<br/>finalizado: 0<br/>grupo_id: <br/>id: 5<br/>monto: 1500.00<br/>plazo: 12<br/>tipo: INDIVIDUAL<br/>updated_at: 2024-04-28 20:45:24<br/>user_aprobado_id: 1<br/>user_desembolso_id: <br/>user_id: 1<br/>','cliente_id: 5<br/>created_at: 2024-02-07 22:05:03<br/>croquis: 1<br/>desembolso: 1<br/>documento_1: camion<br/>documento_2: <br/>documento_3: <br/>documento_4: <br/>estado: APROBADO<br/>f_agua: 1<br/>f_ci: 1<br/>f_luz: 1<br/>fecha_aprobado: 2024-02-07<br/>fecha_desembolso: 2024-04-28<br/>fecha_rechazado: <br/>fecha_registro: 2024-02-07<br/>finalizado: 0<br/>grupo_id: <br/>id: 5<br/>monto: 1500.00<br/>plazo: 12<br/>tipo: INDIVIDUAL<br/>updated_at: 2024-04-28 20:45:37<br/>user_aprobado_id: 1<br/>user_desembolso_id: 1<br/>user_id: 1<br/>','PRESTAMOS','2024-04-28','20:45:37','2024-04-28 20:45:37','2024-04-28 20:45:37'),(118,2,'MODIFICACIÓN','EL USUARIO JPERES REGISTRO EL PAGO DE UN PRESTAMO','cliente_id: 23<br/>created_at: 2024-04-28 21:02:03<br/>dias_mora: 0<br/>fecha_pago: 2024-04-28<br/>grupo_id: <br/>grupo_plan_pago_id: <br/>id: 30<br/>interes: 244.21<br/>monto: 3000.00<br/>monto_mora: 0.00<br/>monto_total: 3244.21<br/>nro_cuota: 0<br/>plan_pago_id: <br/>prestamo_id: 23<br/>tipo_pago: TOTAL<br/>tipo_prestamo: INDIVIDUAL<br/>updated_at: 2024-04-28 21:02:03<br/>user_id: 2<br/>',NULL,'PAGOS','2024-04-28','21:02:03','2024-04-28 21:02:03','2024-04-28 21:02:03'),(119,1,'CREACIÓN','EL USUARIO admin REGISTRO UN PRESTAMO','cliente_id: 23<br/>created_at: 2024-04-28 21:04:09<br/>croquis: 1<br/>desembolso: <br/>documento_1: <br/>documento_2: <br/>documento_3: <br/>documento_4: <br/>estado: PRE APROBADO<br/>f_agua: 1<br/>f_ci: 1<br/>f_luz: 1<br/>fecha_aprobado: <br/>fecha_desembolso: <br/>fecha_rechazado: <br/>fecha_registro: 2024-04-28<br/>finalizado: <br/>grupo_id: <br/>id: 38<br/>monto: 2000<br/>plazo: 12<br/>tipo: INDIVIDUAL<br/>updated_at: 2024-04-28 21:04:09<br/>user_aprobado_id: <br/>user_desembolso_id: <br/>user_id: 1<br/>',NULL,'PRESTAMOS','2024-04-28','21:04:09','2024-04-28 21:04:09','2024-04-28 21:04:09'),(120,1,'MODIFICACIÓN','EL USUARIO admin APROBO UN PRÉSTAMO','cliente_id: 23<br/>created_at: 2024-04-28 21:04:09<br/>croquis: 1<br/>desembolso: 0<br/>documento_1: <br/>documento_2: <br/>documento_3: <br/>documento_4: <br/>estado: PRE APROBADO<br/>f_agua: 1<br/>f_ci: 1<br/>f_luz: 1<br/>fecha_aprobado: <br/>fecha_desembolso: <br/>fecha_rechazado: <br/>fecha_registro: 2024-04-28<br/>finalizado: 0<br/>grupo_id: <br/>id: 38<br/>monto: 2000.00<br/>plazo: 12<br/>tipo: INDIVIDUAL<br/>updated_at: 2024-04-28 21:04:09<br/>user_aprobado_id: <br/>user_desembolso_id: <br/>user_id: 1<br/>','cliente_id: 23<br/>created_at: 2024-04-28 21:04:09<br/>croquis: 1<br/>desembolso: 0<br/>documento_1: <br/>documento_2: <br/>documento_3: <br/>documento_4: <br/>estado: APROBADO<br/>f_agua: 1<br/>f_ci: 1<br/>f_luz: 1<br/>fecha_aprobado: 2024-04-28<br/>fecha_desembolso: 2024-04-28<br/>fecha_rechazado: <br/>fecha_registro: 2024-04-28<br/>finalizado: 0<br/>grupo_id: <br/>id: 38<br/>monto: 2000.00<br/>plazo: 12<br/>tipo: INDIVIDUAL<br/>updated_at: 2024-04-28 21:04:46<br/>user_aprobado_id: 1<br/>user_desembolso_id: <br/>user_id: 1<br/>','PRESTAMOS','2024-04-28','21:04:46','2024-04-28 21:04:46','2024-04-28 21:04:46'),(121,2,'MODIFICACIÓN','EL USUARIO JPERES REGISTRO EL PAGO DE UN PRESTAMO','cliente_id: 16<br/>created_at: 2024-05-06 13:26:07<br/>dias_mora: 5<br/>fecha_pago: 2024-05-06<br/>grupo_id: <br/>grupo_plan_pago_id: <br/>id: 31<br/>interes: 36.75<br/>monto: 233.60<br/>monto_mora: 15<br/>monto_total: 285.35<br/>nro_cuota: 1<br/>plan_pago_id: 181<br/>prestamo_id: 16<br/>tipo_pago: CUOTA<br/>tipo_prestamo: INDIVIDUAL<br/>updated_at: 2024-05-06 13:26:07<br/>user_id: 2<br/>',NULL,'PAGOS','2024-05-06','13:26:08','2024-05-06 17:26:08','2024-05-06 17:26:08');
/*!40000 ALTER TABLE `historial_accions` ENABLE KEYS */;
UNLOCK TABLES;

--
-- Table structure for table `interes`
--

DROP TABLE IF EXISTS `interes`;
/*!40101 SET @saved_cs_client     = @@character_set_client */;
/*!50503 SET character_set_client = utf8mb4 */;
CREATE TABLE `interes` (
  `id` bigint unsigned NOT NULL AUTO_INCREMENT,
  `interes` double NOT NULL,
  `created_at` timestamp NULL DEFAULT NULL,
  `updated_at` timestamp NULL DEFAULT NULL,
  PRIMARY KEY (`id`)
) ENGINE=InnoDB AUTO_INCREMENT=2 DEFAULT CHARSET=utf8mb4 COLLATE=utf8mb4_unicode_ci;
/*!40101 SET character_set_client = @saved_cs_client */;

--
-- Dumping data for table `interes`
--

LOCK TABLES `interes` WRITE;
/*!40000 ALTER TABLE `interes` DISABLE KEYS */;
INSERT INTO `interes` VALUES (1,4.9,NULL,NULL);
/*!40000 ALTER TABLE `interes` ENABLE KEYS */;
UNLOCK TABLES;

--
-- Table structure for table `migrations`
--

DROP TABLE IF EXISTS `migrations`;
/*!40101 SET @saved_cs_client     = @@character_set_client */;
/*!50503 SET character_set_client = utf8mb4 */;
CREATE TABLE `migrations` (
  `id` int unsigned NOT NULL AUTO_INCREMENT,
  `migration` varchar(255) CHARACTER SET utf8mb4 COLLATE utf8mb4_unicode_ci NOT NULL,
  `batch` int NOT NULL,
  PRIMARY KEY (`id`)
) ENGINE=InnoDB AUTO_INCREMENT=19 DEFAULT CHARSET=utf8mb4 COLLATE=utf8mb4_unicode_ci;
/*!40101 SET character_set_client = @saved_cs_client */;

--
-- Dumping data for table `migrations`
--

LOCK TABLES `migrations` WRITE;
/*!40000 ALTER TABLE `migrations` DISABLE KEYS */;
INSERT INTO `migrations` VALUES (1,'2014_10_12_000002_create_users_table',1),(2,'2019_12_14_000001_create_personal_access_tokens_table',1),(3,'2022_10_13_132625_create_configuracions_table',1),(4,'2023_08_26_190801_create_historial_accions_table',1),(5,'2023_11_21_142832_create_clientes_table',2),(6,'2023_11_21_143120_create_grupos_table',2),(7,'2023_11_21_143201_create_prestamos_table',2),(8,'2023_11_21_143214_create_plan_pagos_table',2),(9,'2023_11_21_143240_create_pagos_table',2),(10,'2023_11_21_143306_create_cajas_table',2),(11,'2023_11_21_143314_create_caja_movimientos_table',2),(12,'2023_11_22_233737_create_interes_table',3),(15,'2023_11_27_175039_create_grupo_plan_pagos_table',4),(17,'2023_11_30_115539_create_desembolsos_table',5),(18,'2023_11_30_225153_create_salarios_table',6);
/*!40000 ALTER TABLE `migrations` ENABLE KEYS */;
UNLOCK TABLES;

--
-- Table structure for table `pagos`
--

DROP TABLE IF EXISTS `pagos`;
/*!40101 SET @saved_cs_client     = @@character_set_client */;
/*!50503 SET character_set_client = utf8mb4 */;
CREATE TABLE `pagos` (
  `id` bigint unsigned NOT NULL AUTO_INCREMENT,
  `user_id` bigint unsigned NOT NULL,
  `tipo_prestamo` varchar(155) CHARACTER SET utf8mb4 COLLATE utf8mb4_unicode_ci DEFAULT NULL,
  `prestamo_id` bigint unsigned DEFAULT NULL,
  `plan_pago_id` bigint unsigned DEFAULT NULL,
  `grupo_id` bigint unsigned DEFAULT NULL,
  `grupo_plan_pago_id` bigint unsigned DEFAULT NULL,
  `cliente_id` bigint unsigned DEFAULT NULL,
  `nro_cuota` int NOT NULL,
  `monto` decimal(24,2) NOT NULL,
  `interes` decimal(24,2) NOT NULL,
  `dias_mora` int NOT NULL,
  `monto_mora` decimal(24,2) DEFAULT NULL,
  `monto_total` decimal(24,2) NOT NULL,
  `tipo_pago` varchar(155) CHARACTER SET utf8mb4 COLLATE utf8mb4_unicode_ci DEFAULT NULL,
  `fecha_pago` date NOT NULL,
  `created_at` timestamp NULL DEFAULT NULL,
  `updated_at` timestamp NULL DEFAULT NULL,
  PRIMARY KEY (`id`),
  KEY `user_id` (`user_id`),
  KEY `prestamo_id` (`prestamo_id`),
  KEY `plan_pago_id` (`plan_pago_id`),
  KEY `grupo_id` (`grupo_id`),
  KEY `grupo_plan_pago_id` (`grupo_plan_pago_id`),
  KEY `cliente_id` (`cliente_id`),
  CONSTRAINT `pagos_ibfk_1` FOREIGN KEY (`user_id`) REFERENCES `users` (`id`),
  CONSTRAINT `pagos_ibfk_2` FOREIGN KEY (`prestamo_id`) REFERENCES `prestamos` (`id`),
  CONSTRAINT `pagos_ibfk_3` FOREIGN KEY (`plan_pago_id`) REFERENCES `plan_pagos` (`id`),
  CONSTRAINT `pagos_ibfk_4` FOREIGN KEY (`grupo_id`) REFERENCES `grupos` (`id`),
  CONSTRAINT `pagos_ibfk_5` FOREIGN KEY (`grupo_plan_pago_id`) REFERENCES `grupo_plan_pagos` (`id`),
  CONSTRAINT `pagos_ibfk_6` FOREIGN KEY (`cliente_id`) REFERENCES `clientes` (`id`)
) ENGINE=InnoDB AUTO_INCREMENT=32 DEFAULT CHARSET=utf8mb4 COLLATE=utf8mb4_unicode_ci;
/*!40101 SET character_set_client = @saved_cs_client */;

--
-- Dumping data for table `pagos`
--

LOCK TABLES `pagos` WRITE;
/*!40000 ALTER TABLE `pagos` DISABLE KEYS */;
INSERT INTO `pagos` VALUES (1,2,'INDIVIDUAL',1,1,NULL,NULL,1,1,77.87,12.25,2,6.00,96.12,'CUOTA','2024-02-07','2024-02-07 21:57:35','2024-02-07 21:57:35'),(2,2,'INDIVIDUAL',1,2,NULL,NULL,1,2,78.82,11.30,14,42.00,132.12,'CUOTA','2024-02-26','2024-02-26 21:23:06','2024-02-26 21:23:06'),(3,2,'INDIVIDUAL',4,37,NULL,NULL,4,1,155.72,24.50,12,72.00,252.22,'CUOTA','2024-02-26','2024-02-26 21:37:12','2024-02-26 21:37:12'),(4,2,'INDIVIDUAL',1,3,NULL,NULL,1,3,79.78,10.33,7,21.00,111.11,'CUOTA','2024-02-26','2024-02-26 21:39:46','2024-02-26 21:39:46'),(5,2,'INDIVIDUAL',4,38,NULL,NULL,4,2,157.63,22.59,5,30.00,210.22,'CUOTA','2024-02-26','2024-02-26 21:40:47','2024-02-26 21:40:47'),(6,2,'INDIVIDUAL',1,4,NULL,NULL,1,4,80.76,9.35,23,69.00,159.11,'CUOTA','2024-03-20','2024-03-20 22:10:17','2024-03-20 22:10:17'),(7,2,'INDIVIDUAL',1,5,NULL,NULL,1,5,81.75,8.36,16,48.00,138.11,'CUOTA','2024-03-20','2024-03-20 22:33:04','2024-03-20 22:33:04'),(8,2,'INDIVIDUAL',1,6,NULL,NULL,1,6,82.75,7.36,9,27.00,117.11,'CUOTA','2024-03-20','2024-03-20 22:33:38','2024-03-20 22:33:38'),(9,2,'INDIVIDUAL',1,7,NULL,NULL,1,7,83.77,6.35,2,6.00,96.12,'CUOTA','2024-03-20','2024-03-20 22:33:48','2024-03-20 22:33:48'),(10,2,'INDIVIDUAL',1,8,NULL,NULL,1,8,84.79,5.32,-5,0.00,90.11,'CUOTA','2024-03-20','2024-03-20 22:34:15','2024-03-20 22:34:15'),(11,2,'INDIVIDUAL',1,9,NULL,NULL,1,9,85.83,4.28,-12,0.00,90.11,'CUOTA','2024-03-20','2024-03-20 22:34:59','2024-03-20 22:34:59'),(12,2,'INDIVIDUAL',1,10,NULL,NULL,1,10,86.88,3.23,-19,0.00,90.11,'CUOTA','2024-03-20','2024-03-20 22:35:07','2024-03-20 22:35:07'),(13,2,'INDIVIDUAL',1,11,NULL,NULL,1,11,87.95,2.17,-26,0.00,90.12,'CUOTA','2024-03-20','2024-03-20 22:35:23','2024-03-20 22:35:23'),(14,2,'INDIVIDUAL',1,12,NULL,NULL,1,12,89.05,1.09,-33,0.00,90.14,'CUOTA','2024-03-20','2024-03-20 22:35:42','2024-03-20 22:35:42'),(15,2,'INDIVIDUAL',4,39,NULL,NULL,4,3,159.56,20.66,56,336.00,516.22,'CUOTA','2024-04-24','2024-04-24 14:53:55','2024-04-24 14:53:55'),(16,2,'INDIVIDUAL',4,40,NULL,NULL,4,4,161.52,18.71,49,294.00,474.23,'CUOTA','2024-04-24','2024-04-24 14:54:16','2024-04-24 14:54:16'),(17,2,'INDIVIDUAL',4,41,NULL,NULL,4,5,163.50,16.73,42,252.00,432.23,'CUOTA','2024-04-24','2024-04-24 14:54:59','2024-04-24 14:54:59'),(18,2,'INDIVIDUAL',4,42,NULL,NULL,4,6,165.50,14.73,35,210.00,390.23,'CUOTA','2024-04-24','2024-04-24 14:55:22','2024-04-24 14:55:22'),(19,2,'INDIVIDUAL',4,43,NULL,NULL,4,7,167.53,12.70,28,168.00,348.23,'CUOTA','2024-04-24','2024-04-24 14:55:42','2024-04-24 14:55:42'),(20,2,'INDIVIDUAL',4,44,NULL,NULL,4,8,169.58,10.65,21,126.00,306.23,'CUOTA','2024-04-24','2024-04-24 14:55:51','2024-04-24 14:55:51'),(21,2,'INDIVIDUAL',4,45,NULL,NULL,4,9,171.66,8.57,14,84.00,264.23,'CUOTA','2024-04-24','2024-04-24 14:56:00','2024-04-24 14:56:00'),(22,2,'INDIVIDUAL',4,46,NULL,NULL,4,10,173.76,6.47,7,42.00,222.23,'CUOTA','2024-04-24','2024-04-24 14:56:07','2024-04-24 14:56:07'),(23,2,'INDIVIDUAL',4,47,NULL,NULL,4,11,175.89,4.34,0,0.00,180.23,'CUOTA','2024-04-24','2024-04-24 14:56:22','2024-04-24 14:56:22'),(24,2,'INDIVIDUAL',4,NULL,NULL,NULL,4,0,178.15,2.18,0,0.00,180.33,'TOTAL','2024-04-24','2024-04-24 14:56:58','2024-04-24 14:56:58'),(25,2,'GRUPAL',NULL,NULL,2,13,NULL,1,778.67,122.50,32,960.00,1861.17,'CUOTA','2024-04-27','2024-04-27 18:16:18','2024-04-27 18:16:18'),(26,2,'GRUPAL',NULL,NULL,2,14,NULL,2,788.20,112.96,25,750.00,1651.16,'CUOTA','2024-04-27','2024-04-27 18:18:03','2024-04-27 18:18:03'),(27,2,'GRUPAL',NULL,NULL,2,15,NULL,3,797.86,103.31,18,540.00,1441.17,'CUOTA','2024-04-27','2024-04-27 18:19:12','2024-04-27 18:19:12'),(28,2,'GRUPAL',NULL,NULL,2,16,NULL,4,807.63,93.53,11,330.00,1231.16,'CUOTA','2024-04-27','2024-04-27 18:19:21','2024-04-27 18:19:21'),(29,2,'GRUPAL',NULL,NULL,2,17,NULL,5,817.53,83.64,4,120.00,1021.17,'CUOTA','2024-04-27','2024-04-27 18:19:32','2024-04-27 18:19:32'),(30,2,'INDIVIDUAL',23,NULL,NULL,NULL,23,0,3000.00,244.21,0,0.00,3244.21,'TOTAL','2024-04-28','2024-04-28 21:02:03','2024-04-28 21:02:03'),(31,2,'INDIVIDUAL',16,181,NULL,NULL,16,1,233.60,36.75,5,15.00,285.35,'CUOTA','2024-05-06','2024-05-06 17:26:07','2024-05-06 17:26:07');
/*!40000 ALTER TABLE `pagos` ENABLE KEYS */;
UNLOCK TABLES;

--
-- Table structure for table `personal_access_tokens`
--

DROP TABLE IF EXISTS `personal_access_tokens`;
/*!40101 SET @saved_cs_client     = @@character_set_client */;
/*!50503 SET character_set_client = utf8mb4 */;
CREATE TABLE `personal_access_tokens` (
  `id` bigint unsigned NOT NULL AUTO_INCREMENT,
  `tokenable_type` varchar(255) CHARACTER SET utf8mb4 COLLATE utf8mb4_unicode_ci NOT NULL,
  `tokenable_id` bigint unsigned NOT NULL,
  `name` varchar(255) CHARACTER SET utf8mb4 COLLATE utf8mb4_unicode_ci NOT NULL,
  `token` varchar(64) CHARACTER SET utf8mb4 COLLATE utf8mb4_unicode_ci NOT NULL,
  `abilities` text CHARACTER SET utf8mb4 COLLATE utf8mb4_unicode_ci,
  `last_used_at` timestamp NULL DEFAULT NULL,
  `created_at` timestamp NULL DEFAULT NULL,
  `updated_at` timestamp NULL DEFAULT NULL,
  PRIMARY KEY (`id`),
  UNIQUE KEY `personal_access_tokens_token_unique` (`token`),
  KEY `personal_access_tokens_tokenable_type_tokenable_id_index` (`tokenable_type`,`tokenable_id`)
) ENGINE=InnoDB DEFAULT CHARSET=utf8mb4 COLLATE=utf8mb4_unicode_ci;
/*!40101 SET character_set_client = @saved_cs_client */;

--
-- Dumping data for table `personal_access_tokens`
--

LOCK TABLES `personal_access_tokens` WRITE;
/*!40000 ALTER TABLE `personal_access_tokens` DISABLE KEYS */;
/*!40000 ALTER TABLE `personal_access_tokens` ENABLE KEYS */;
UNLOCK TABLES;

--
-- Table structure for table `plan_pagos`
--

DROP TABLE IF EXISTS `plan_pagos`;
/*!40101 SET @saved_cs_client     = @@character_set_client */;
/*!50503 SET character_set_client = utf8mb4 */;
CREATE TABLE `plan_pagos` (
  `id` bigint unsigned NOT NULL AUTO_INCREMENT,
  `prestamo_id` bigint unsigned NOT NULL,
  `nro_cuota` int NOT NULL,
  `saldo_inicial` decimal(24,2) NOT NULL,
  `capital` decimal(24,2) NOT NULL,
  `interes` decimal(24,2) NOT NULL,
  `saldo` decimal(24,2) NOT NULL,
  `cuota` decimal(24,2) NOT NULL,
  `cancelado` varchar(100) CHARACTER SET utf8mb4 COLLATE utf8mb4_unicode_ci NOT NULL,
  `fecha_pago` date DEFAULT NULL,
  `created_at` timestamp NULL DEFAULT NULL,
  `updated_at` timestamp NULL DEFAULT NULL,
  PRIMARY KEY (`id`),
  KEY `prestamo_id` (`prestamo_id`),
  CONSTRAINT `plan_pagos_ibfk_1` FOREIGN KEY (`prestamo_id`) REFERENCES `prestamos` (`id`)
) ENGINE=InnoDB AUTO_INCREMENT=457 DEFAULT CHARSET=utf8mb4 COLLATE=utf8mb4_unicode_ci;
/*!40101 SET character_set_client = @saved_cs_client */;

--
-- Dumping data for table `plan_pagos`
--

LOCK TABLES `plan_pagos` WRITE;
/*!40000 ALTER TABLE `plan_pagos` DISABLE KEYS */;
INSERT INTO `plan_pagos` VALUES (1,1,1,1000.00,77.87,12.25,922.13,90.12,'SI','2024-02-05','2024-01-29 20:51:57','2024-02-07 21:57:35'),(2,1,2,922.13,78.82,11.30,843.31,90.12,'SI','2024-02-12','2024-01-29 20:51:57','2024-02-26 21:23:06'),(3,1,3,843.31,79.78,10.33,763.53,90.12,'SI','2024-02-19','2024-01-29 20:51:57','2024-02-26 21:39:46'),(4,1,4,763.53,80.76,9.35,682.77,90.12,'SI','2024-02-26','2024-01-29 20:51:57','2024-03-20 22:10:17'),(5,1,5,682.77,81.75,8.36,601.02,90.12,'SI','2024-03-04','2024-01-29 20:51:57','2024-03-20 22:33:04'),(6,1,6,601.02,82.75,7.36,518.27,90.12,'SI','2024-03-11','2024-01-29 20:51:57','2024-03-20 22:33:38'),(7,1,7,518.27,83.77,6.35,434.50,90.12,'SI','2024-03-18','2024-01-29 20:51:57','2024-03-20 22:33:48'),(8,1,8,434.50,84.79,5.32,349.71,90.12,'SI','2024-03-25','2024-01-29 20:51:57','2024-03-20 22:34:15'),(9,1,9,349.71,85.83,4.28,263.88,90.12,'SI','2024-04-01','2024-01-29 20:51:57','2024-03-20 22:34:59'),(10,1,10,263.88,86.88,3.23,177.00,90.12,'SI','2024-04-08','2024-01-29 20:51:57','2024-03-20 22:35:07'),(11,1,11,177.00,87.95,2.17,89.05,90.12,'SI','2024-04-15','2024-01-29 20:51:57','2024-03-20 22:35:23'),(12,1,12,89.05,89.05,1.09,0.00,90.12,'SI','2024-04-22','2024-01-29 20:51:57','2024-03-20 22:35:42'),(13,2,1,5000.00,389.33,61.25,4610.67,450.58,'NO',NULL,'2024-02-04 23:02:48','2024-02-04 23:03:29'),(14,2,2,4610.67,394.09,56.48,4216.58,450.58,'NO',NULL,'2024-02-04 23:02:48','2024-02-04 23:03:29'),(15,2,3,4216.58,398.92,51.65,3817.66,450.58,'NO',NULL,'2024-02-04 23:02:48','2024-02-04 23:03:29'),(16,2,4,3817.66,403.81,46.77,3413.85,450.58,'NO',NULL,'2024-02-04 23:02:48','2024-02-04 23:03:29'),(17,2,5,3413.85,408.76,41.82,3005.09,450.58,'NO',NULL,'2024-02-04 23:02:48','2024-02-04 23:03:29'),(18,2,6,3005.09,413.76,36.81,2591.33,450.58,'NO',NULL,'2024-02-04 23:02:48','2024-02-04 23:03:29'),(19,2,7,2591.33,418.83,31.74,2172.50,450.58,'NO',NULL,'2024-02-04 23:02:48','2024-02-04 23:03:29'),(20,2,8,2172.50,423.96,26.61,1748.54,450.58,'NO',NULL,'2024-02-04 23:02:48','2024-02-04 23:03:29'),(21,2,9,1748.54,429.16,21.42,1319.38,450.58,'NO',NULL,'2024-02-04 23:02:48','2024-02-04 23:03:29'),(22,2,10,1319.38,434.41,16.16,884.96,450.58,'NO',NULL,'2024-02-04 23:02:48','2024-02-04 23:03:29'),(23,2,11,884.97,439.73,10.84,445.23,450.58,'NO',NULL,'2024-02-04 23:02:48','2024-02-04 23:03:29'),(24,2,12,445.24,445.24,5.45,0.00,450.58,'NO',NULL,'2024-02-04 23:02:48','2024-02-04 23:03:29'),(25,3,1,1500.00,116.80,18.38,1383.20,135.18,'NO','2024-05-05','2024-02-04 23:06:22','2024-04-28 20:42:03'),(26,3,2,1383.20,118.23,16.94,1264.97,135.18,'NO','2024-05-12','2024-02-04 23:06:22','2024-04-28 20:42:03'),(27,3,3,1264.97,119.68,15.50,1145.29,135.18,'NO','2024-05-19','2024-02-04 23:06:22','2024-04-28 20:42:03'),(28,3,4,1145.29,121.15,14.03,1024.13,135.18,'NO','2024-05-26','2024-02-04 23:06:22','2024-04-28 20:42:03'),(29,3,5,1024.14,122.63,12.55,901.50,135.18,'NO','2024-06-02','2024-02-04 23:06:22','2024-04-28 20:42:03'),(30,3,6,901.51,124.13,11.04,777.37,135.18,'NO','2024-06-09','2024-02-04 23:06:22','2024-04-28 20:42:03'),(31,3,7,777.38,125.65,9.52,651.72,135.18,'NO','2024-06-16','2024-02-04 23:06:22','2024-04-28 20:42:03'),(32,3,8,651.73,127.19,7.98,524.54,135.18,'NO','2024-06-23','2024-02-04 23:06:22','2024-04-28 20:42:03'),(33,3,9,524.54,128.75,6.43,395.79,135.18,'NO','2024-06-30','2024-02-04 23:06:22','2024-04-28 20:42:03'),(34,3,10,395.79,130.33,4.85,265.45,135.18,'NO','2024-07-07','2024-02-04 23:06:22','2024-04-28 20:42:03'),(35,3,11,265.46,131.92,3.25,133.53,135.18,'NO','2024-07-14','2024-02-04 23:06:22','2024-04-28 20:42:03'),(36,3,12,133.54,133.54,1.64,0.00,135.18,'NO','2024-07-21','2024-02-04 23:06:22','2024-04-28 20:42:03'),(37,4,1,2000.00,155.72,24.50,1844.28,180.23,'SI','2024-02-14','2024-02-07 21:40:40','2024-02-26 21:37:12'),(38,4,2,1844.28,157.63,22.59,1686.65,180.23,'SI','2024-02-21','2024-02-07 21:40:40','2024-02-26 21:40:47'),(39,4,3,1686.65,159.56,20.66,1527.09,180.23,'SI','2024-02-28','2024-02-07 21:40:40','2024-04-24 14:53:55'),(40,4,4,1527.09,161.52,18.71,1365.57,180.23,'SI','2024-03-06','2024-02-07 21:40:40','2024-04-24 14:54:16'),(41,4,5,1365.57,163.50,16.73,1202.07,180.23,'SI','2024-03-13','2024-02-07 21:40:40','2024-04-24 14:54:59'),(42,4,6,1202.07,165.50,14.73,1036.57,180.23,'SI','2024-03-20','2024-02-07 21:40:40','2024-04-24 14:55:22'),(43,4,7,1036.57,167.53,12.70,869.04,180.23,'SI','2024-03-27','2024-02-07 21:40:40','2024-04-24 14:55:42'),(44,4,8,869.04,169.58,10.65,699.46,180.23,'SI','2024-04-03','2024-02-07 21:40:40','2024-04-24 14:55:51'),(45,4,9,699.46,171.66,8.57,527.80,180.23,'SI','2024-04-10','2024-02-07 21:40:40','2024-04-24 14:56:00'),(46,4,10,527.80,173.76,6.47,354.04,180.23,'SI','2024-04-17','2024-02-07 21:40:40','2024-04-24 14:56:07'),(47,4,11,354.04,175.89,4.34,178.15,180.23,'SI','2024-04-24','2024-02-07 21:40:40','2024-04-24 14:56:22'),(48,4,12,178.15,178.15,2.18,0.00,180.23,'SI','2024-05-01','2024-02-07 21:40:40','2024-04-24 14:56:58'),(49,5,1,1500.00,116.80,18.38,1383.20,135.18,'NO','2024-05-05','2024-02-07 22:05:03','2024-04-28 20:45:24'),(50,5,2,1383.20,118.23,16.94,1264.97,135.18,'NO','2024-05-12','2024-02-07 22:05:03','2024-04-28 20:45:24'),(51,5,3,1264.97,119.68,15.50,1145.29,135.18,'NO','2024-05-19','2024-02-07 22:05:03','2024-04-28 20:45:24'),(52,5,4,1145.29,121.15,14.03,1024.13,135.18,'NO','2024-05-26','2024-02-07 22:05:03','2024-04-28 20:45:24'),(53,5,5,1024.14,122.63,12.55,901.50,135.18,'NO','2024-06-02','2024-02-07 22:05:03','2024-04-28 20:45:24'),(54,5,6,901.51,124.13,11.04,777.37,135.18,'NO','2024-06-09','2024-02-07 22:05:03','2024-04-28 20:45:24'),(55,5,7,777.38,125.65,9.52,651.72,135.18,'NO','2024-06-16','2024-02-07 22:05:03','2024-04-28 20:45:24'),(56,5,8,651.73,127.19,7.98,524.54,135.18,'NO','2024-06-23','2024-02-07 22:05:03','2024-04-28 20:45:24'),(57,5,9,524.54,128.75,6.43,395.79,135.18,'NO','2024-06-30','2024-02-07 22:05:03','2024-04-28 20:45:24'),(58,5,10,395.79,130.33,4.85,265.45,135.18,'NO','2024-07-07','2024-02-07 22:05:03','2024-04-28 20:45:24'),(59,5,11,265.46,131.92,3.25,133.53,135.18,'NO','2024-07-14','2024-02-07 22:05:03','2024-04-28 20:45:24'),(60,5,12,133.54,133.54,1.64,0.00,135.18,'NO','2024-07-21','2024-02-07 22:05:03','2024-04-28 20:45:24'),(61,6,1,1500.00,116.80,18.38,1383.20,135.18,'NO','2024-02-15','2024-02-07 22:08:25','2024-02-07 22:08:42'),(62,6,2,1383.20,118.23,16.94,1264.97,135.18,'NO','2024-02-22','2024-02-07 22:08:25','2024-02-07 22:08:42'),(63,6,3,1264.97,119.68,15.50,1145.29,135.18,'NO','2024-02-29','2024-02-07 22:08:25','2024-02-07 22:08:42'),(64,6,4,1145.29,121.15,14.03,1024.13,135.18,'NO','2024-03-07','2024-02-07 22:08:25','2024-02-07 22:08:42'),(65,6,5,1024.14,122.63,12.55,901.50,135.18,'NO','2024-03-14','2024-02-07 22:08:25','2024-02-07 22:08:42'),(66,6,6,901.51,124.13,11.04,777.37,135.18,'NO','2024-03-21','2024-02-07 22:08:25','2024-02-07 22:08:42'),(67,6,7,777.38,125.65,9.52,651.72,135.18,'NO','2024-03-28','2024-02-07 22:08:25','2024-02-07 22:08:42'),(68,6,8,651.73,127.19,7.98,524.54,135.18,'NO','2024-04-04','2024-02-07 22:08:25','2024-02-07 22:08:42'),(69,6,9,524.54,128.75,6.43,395.79,135.18,'NO','2024-04-11','2024-02-07 22:08:25','2024-02-07 22:08:42'),(70,6,10,395.79,130.33,4.85,265.45,135.18,'NO','2024-04-18','2024-02-07 22:08:25','2024-02-07 22:08:42'),(71,6,11,265.46,131.92,3.25,133.53,135.18,'NO','2024-04-25','2024-02-07 22:08:25','2024-02-07 22:08:42'),(72,6,12,133.54,133.54,1.64,0.00,135.18,'NO','2024-05-02','2024-02-07 22:08:25','2024-02-07 22:08:42'),(73,7,1,1500.00,116.80,18.38,1383.20,135.18,'NO','2024-03-04','2024-02-26 21:54:31','2024-02-26 21:54:57'),(74,7,2,1383.20,118.23,16.94,1264.97,135.18,'NO','2024-03-11','2024-02-26 21:54:31','2024-02-26 21:54:57'),(75,7,3,1264.97,119.68,15.50,1145.29,135.18,'NO','2024-03-18','2024-02-26 21:54:31','2024-02-26 21:54:57'),(76,7,4,1145.29,121.15,14.03,1024.13,135.18,'NO','2024-03-25','2024-02-26 21:54:31','2024-02-26 21:54:57'),(77,7,5,1024.14,122.63,12.55,901.50,135.18,'NO','2024-04-01','2024-02-26 21:54:31','2024-02-26 21:54:57'),(78,7,6,901.51,124.13,11.04,777.37,135.18,'NO','2024-04-08','2024-02-26 21:54:31','2024-02-26 21:54:57'),(79,7,7,777.38,125.65,9.52,651.72,135.18,'NO','2024-04-15','2024-02-26 21:54:31','2024-02-26 21:54:57'),(80,7,8,651.73,127.19,7.98,524.54,135.18,'NO','2024-04-22','2024-02-26 21:54:31','2024-02-26 21:54:57'),(81,7,9,524.54,128.75,6.43,395.79,135.18,'NO','2024-04-29','2024-02-26 21:54:31','2024-02-26 21:54:57'),(82,7,10,395.79,130.33,4.85,265.45,135.18,'NO','2024-05-06','2024-02-26 21:54:31','2024-02-26 21:54:57'),(83,7,11,265.46,131.92,3.25,133.53,135.18,'NO','2024-05-13','2024-02-26 21:54:31','2024-02-26 21:54:57'),(84,7,12,133.54,133.54,1.64,0.00,135.18,'NO','2024-05-20','2024-02-26 21:54:31','2024-02-26 21:54:57'),(85,8,1,1000.00,77.87,12.25,922.13,90.12,'NO','2024-05-04','2024-02-26 22:02:30','2024-04-27 18:02:40'),(86,8,2,922.13,78.82,11.30,843.31,90.12,'NO','2024-05-11','2024-02-26 22:02:30','2024-04-27 18:02:40'),(87,8,3,843.31,79.78,10.33,763.53,90.12,'NO','2024-05-18','2024-02-26 22:02:30','2024-04-27 18:02:40'),(88,8,4,763.53,80.76,9.35,682.77,90.12,'NO','2024-05-25','2024-02-26 22:02:30','2024-04-27 18:02:40'),(89,8,5,682.77,81.75,8.36,601.02,90.12,'NO','2024-06-01','2024-02-26 22:02:30','2024-04-27 18:02:40'),(90,8,6,601.02,82.75,7.36,518.27,90.12,'NO','2024-06-08','2024-02-26 22:02:30','2024-04-27 18:02:40'),(91,8,7,518.27,83.77,6.35,434.50,90.12,'NO','2024-06-15','2024-02-26 22:02:30','2024-04-27 18:02:40'),(92,8,8,434.50,84.79,5.32,349.71,90.12,'NO','2024-06-22','2024-02-26 22:02:30','2024-04-27 18:02:40'),(93,8,9,349.71,85.83,4.28,263.88,90.12,'NO','2024-06-29','2024-02-26 22:02:30','2024-04-27 18:02:40'),(94,8,10,263.88,86.88,3.23,177.00,90.12,'NO','2024-07-06','2024-02-26 22:02:30','2024-04-27 18:02:40'),(95,8,11,177.00,87.95,2.17,89.05,90.12,'NO','2024-07-13','2024-02-26 22:02:30','2024-04-27 18:02:40'),(96,8,12,89.05,89.05,1.09,0.00,90.12,'NO','2024-07-20','2024-02-26 22:02:30','2024-04-27 18:02:40'),(97,9,1,1000.00,77.87,12.25,922.13,90.12,'NO','2024-05-04','2024-02-26 22:02:30','2024-04-27 18:02:40'),(98,9,2,922.13,78.82,11.30,843.31,90.12,'NO','2024-05-11','2024-02-26 22:02:30','2024-04-27 18:02:40'),(99,9,3,843.31,79.78,10.33,763.53,90.12,'NO','2024-05-18','2024-02-26 22:02:30','2024-04-27 18:02:40'),(100,9,4,763.53,80.76,9.35,682.77,90.12,'NO','2024-05-25','2024-02-26 22:02:30','2024-04-27 18:02:40'),(101,9,5,682.77,81.75,8.36,601.02,90.12,'NO','2024-06-01','2024-02-26 22:02:30','2024-04-27 18:02:40'),(102,9,6,601.02,82.75,7.36,518.27,90.12,'NO','2024-06-08','2024-02-26 22:02:30','2024-04-27 18:02:40'),(103,9,7,518.27,83.77,6.35,434.50,90.12,'NO','2024-06-15','2024-02-26 22:02:30','2024-04-27 18:02:40'),(104,9,8,434.50,84.79,5.32,349.71,90.12,'NO','2024-06-22','2024-02-26 22:02:30','2024-04-27 18:02:40'),(105,9,9,349.71,85.83,4.28,263.88,90.12,'NO','2024-06-29','2024-02-26 22:02:30','2024-04-27 18:02:40'),(106,9,10,263.88,86.88,3.23,177.00,90.12,'NO','2024-07-06','2024-02-26 22:02:30','2024-04-27 18:02:40'),(107,9,11,177.00,87.95,2.17,89.05,90.12,'NO','2024-07-13','2024-02-26 22:02:30','2024-04-27 18:02:40'),(108,9,12,89.05,89.05,1.09,0.00,90.12,'NO','2024-07-20','2024-02-26 22:02:30','2024-04-27 18:02:40'),(109,10,1,1000.00,77.87,12.25,922.13,90.12,'NO','2024-05-04','2024-02-26 22:02:30','2024-04-27 18:02:40'),(110,10,2,922.13,78.82,11.30,843.31,90.12,'NO','2024-05-11','2024-02-26 22:02:30','2024-04-27 18:02:40'),(111,10,3,843.31,79.78,10.33,763.53,90.12,'NO','2024-05-18','2024-02-26 22:02:30','2024-04-27 18:02:40'),(112,10,4,763.53,80.76,9.35,682.77,90.12,'NO','2024-05-25','2024-02-26 22:02:30','2024-04-27 18:02:40'),(113,10,5,682.77,81.75,8.36,601.02,90.12,'NO','2024-06-01','2024-02-26 22:02:30','2024-04-27 18:02:40'),(114,10,6,601.02,82.75,7.36,518.27,90.12,'NO','2024-06-08','2024-02-26 22:02:30','2024-04-27 18:02:40'),(115,10,7,518.27,83.77,6.35,434.50,90.12,'NO','2024-06-15','2024-02-26 22:02:30','2024-04-27 18:02:40'),(116,10,8,434.50,84.79,5.32,349.71,90.12,'NO','2024-06-22','2024-02-26 22:02:30','2024-04-27 18:02:40'),(117,10,9,349.71,85.83,4.28,263.88,90.12,'NO','2024-06-29','2024-02-26 22:02:30','2024-04-27 18:02:40'),(118,10,10,263.88,86.88,3.23,177.00,90.12,'NO','2024-07-06','2024-02-26 22:02:30','2024-04-27 18:02:40'),(119,10,11,177.00,87.95,2.17,89.05,90.12,'NO','2024-07-13','2024-02-26 22:02:30','2024-04-27 18:02:40'),(120,10,12,89.05,89.05,1.09,0.00,90.12,'NO','2024-07-20','2024-02-26 22:02:30','2024-04-27 18:02:40'),(121,11,1,2000.00,155.72,24.50,1844.28,180.23,'NO','2024-03-11','2024-02-26 22:29:12','2024-02-26 22:29:39'),(122,11,2,1844.28,157.63,22.59,1686.65,180.23,'NO','2024-03-18','2024-02-26 22:29:12','2024-02-26 22:29:39'),(123,11,3,1686.65,159.56,20.66,1527.09,180.23,'NO','2024-03-25','2024-02-26 22:29:12','2024-02-26 22:29:39'),(124,11,4,1527.09,161.52,18.71,1365.57,180.23,'NO','2024-04-01','2024-02-26 22:29:12','2024-02-26 22:29:39'),(125,11,5,1365.57,163.50,16.73,1202.07,180.23,'NO','2024-04-08','2024-02-26 22:29:12','2024-02-26 22:29:39'),(126,11,6,1202.07,165.50,14.73,1036.57,180.23,'NO','2024-04-15','2024-02-26 22:29:12','2024-02-26 22:29:39'),(127,11,7,1036.57,167.53,12.70,869.04,180.23,'NO','2024-04-22','2024-02-26 22:29:12','2024-02-26 22:29:39'),(128,11,8,869.04,169.58,10.65,699.46,180.23,'NO','2024-04-29','2024-02-26 22:29:12','2024-02-26 22:29:39'),(129,11,9,699.46,171.66,8.57,527.80,180.23,'NO','2024-05-06','2024-02-26 22:29:12','2024-02-26 22:29:39'),(130,11,10,527.80,173.76,6.47,354.04,180.23,'NO','2024-05-13','2024-02-26 22:29:12','2024-02-26 22:29:39'),(131,11,11,354.04,175.89,4.34,178.15,180.23,'NO','2024-05-20','2024-02-26 22:29:12','2024-02-26 22:29:39'),(132,11,12,178.15,178.15,2.18,0.00,180.23,'NO','2024-05-27','2024-02-26 22:29:12','2024-02-26 22:29:39'),(133,12,1,3333.33,259.55,40.83,3073.78,300.39,'SI','2024-03-26','2024-03-19 22:39:40','2024-04-27 18:16:18'),(134,12,2,3073.78,262.73,37.65,2811.05,300.39,'SI','2024-04-02','2024-03-19 22:39:40','2024-04-27 18:18:03'),(135,12,3,2811.05,265.95,34.44,2545.10,300.39,'SI','2024-04-09','2024-03-19 22:39:40','2024-04-27 18:19:12'),(136,12,4,2545.10,269.21,31.18,2275.89,300.39,'SI','2024-04-16','2024-03-19 22:39:40','2024-04-27 18:19:21'),(137,12,5,2275.89,272.51,27.88,2003.38,300.39,'SI','2024-04-23','2024-03-19 22:39:40','2024-04-27 18:19:32'),(138,12,6,2003.38,275.84,24.54,1727.54,300.39,'NO','2024-04-30','2024-03-19 22:39:40','2024-03-19 22:40:33'),(139,12,7,1727.54,279.22,21.16,1448.32,300.39,'NO','2024-05-07','2024-03-19 22:39:40','2024-03-19 22:40:33'),(140,12,8,1448.32,282.64,17.74,1165.67,300.39,'NO','2024-05-14','2024-03-19 22:39:40','2024-03-19 22:40:33'),(141,12,9,1165.68,286.11,14.28,879.56,300.39,'NO','2024-05-21','2024-03-19 22:39:40','2024-03-19 22:40:33'),(142,12,10,879.57,289.61,10.77,589.95,300.39,'NO','2024-05-28','2024-03-19 22:39:40','2024-03-19 22:40:33'),(143,12,11,589.96,293.16,7.23,296.79,300.39,'NO','2024-06-04','2024-03-19 22:39:40','2024-03-19 22:40:33'),(144,12,12,296.80,296.80,3.64,0.00,300.39,'NO','2024-06-11','2024-03-19 22:39:40','2024-03-19 22:40:33'),(145,13,1,3333.33,259.55,40.83,3073.78,300.39,'SI','2024-03-26','2024-03-19 22:39:40','2024-04-27 18:16:18'),(146,13,2,3073.78,262.73,37.65,2811.05,300.39,'SI','2024-04-02','2024-03-19 22:39:40','2024-04-27 18:18:03'),(147,13,3,2811.05,265.95,34.44,2545.10,300.39,'SI','2024-04-09','2024-03-19 22:39:40','2024-04-27 18:19:12'),(148,13,4,2545.10,269.21,31.18,2275.89,300.39,'SI','2024-04-16','2024-03-19 22:39:40','2024-04-27 18:19:21'),(149,13,5,2275.89,272.51,27.88,2003.38,300.39,'SI','2024-04-23','2024-03-19 22:39:40','2024-04-27 18:19:32'),(150,13,6,2003.38,275.84,24.54,1727.54,300.39,'NO','2024-04-30','2024-03-19 22:39:40','2024-03-19 22:40:33'),(151,13,7,1727.54,279.22,21.16,1448.32,300.39,'NO','2024-05-07','2024-03-19 22:39:40','2024-03-19 22:40:33'),(152,13,8,1448.32,282.64,17.74,1165.67,300.39,'NO','2024-05-14','2024-03-19 22:39:40','2024-03-19 22:40:33'),(153,13,9,1165.68,286.11,14.28,879.56,300.39,'NO','2024-05-21','2024-03-19 22:39:40','2024-03-19 22:40:33'),(154,13,10,879.57,289.61,10.77,589.95,300.39,'NO','2024-05-28','2024-03-19 22:39:40','2024-03-19 22:40:33'),(155,13,11,589.96,293.16,7.23,296.79,300.39,'NO','2024-06-04','2024-03-19 22:39:40','2024-03-19 22:40:33'),(156,13,12,296.80,296.80,3.64,0.00,300.39,'NO','2024-06-11','2024-03-19 22:39:40','2024-03-19 22:40:33'),(157,14,1,3333.33,259.55,40.83,3073.78,300.39,'SI','2024-03-26','2024-03-19 22:39:40','2024-04-27 18:16:18'),(158,14,2,3073.78,262.73,37.65,2811.05,300.39,'SI','2024-04-02','2024-03-19 22:39:40','2024-04-27 18:18:03'),(159,14,3,2811.05,265.95,34.44,2545.10,300.39,'SI','2024-04-09','2024-03-19 22:39:40','2024-04-27 18:19:12'),(160,14,4,2545.10,269.21,31.18,2275.89,300.39,'SI','2024-04-16','2024-03-19 22:39:40','2024-04-27 18:19:21'),(161,14,5,2275.89,272.51,27.88,2003.38,300.39,'SI','2024-04-23','2024-03-19 22:39:40','2024-04-27 18:19:32'),(162,14,6,2003.38,275.84,24.54,1727.54,300.39,'NO','2024-04-30','2024-03-19 22:39:40','2024-03-19 22:40:33'),(163,14,7,1727.54,279.22,21.16,1448.32,300.39,'NO','2024-05-07','2024-03-19 22:39:40','2024-03-19 22:40:33'),(164,14,8,1448.32,282.64,17.74,1165.67,300.39,'NO','2024-05-14','2024-03-19 22:39:40','2024-03-19 22:40:33'),(165,14,9,1165.68,286.11,14.28,879.56,300.39,'NO','2024-05-21','2024-03-19 22:39:40','2024-03-19 22:40:33'),(166,14,10,879.57,289.61,10.77,589.95,300.39,'NO','2024-05-28','2024-03-19 22:39:40','2024-03-19 22:40:33'),(167,14,11,589.96,293.16,7.23,296.79,300.39,'NO','2024-06-04','2024-03-19 22:39:40','2024-03-19 22:40:33'),(168,14,12,296.80,296.80,3.64,0.00,300.39,'NO','2024-06-11','2024-03-19 22:39:40','2024-03-19 22:40:33'),(169,15,1,3500.00,272.53,42.88,3227.47,315.41,'NO','2024-04-07','2024-03-19 22:46:06','2024-03-19 22:47:35'),(170,15,2,3227.47,275.87,39.54,2951.60,315.41,'NO','2024-04-14','2024-03-19 22:46:06','2024-03-19 22:47:35'),(171,15,3,2951.60,279.25,36.16,2672.35,315.41,'NO','2024-04-21','2024-03-19 22:46:06','2024-03-19 22:47:35'),(172,15,4,2672.35,282.67,32.74,2389.68,315.41,'NO','2024-04-28','2024-03-19 22:46:06','2024-03-19 22:47:35'),(173,15,5,2389.68,286.13,29.27,2103.55,315.41,'NO','2024-05-05','2024-03-19 22:46:06','2024-03-19 22:47:35'),(174,15,6,2103.55,289.64,25.77,1813.91,315.41,'NO','2024-05-12','2024-03-19 22:46:06','2024-03-19 22:47:35'),(175,15,7,1813.91,293.18,22.22,1520.73,315.41,'NO','2024-05-19','2024-03-19 22:46:06','2024-03-19 22:47:35'),(176,15,8,1520.73,296.78,18.63,1223.95,315.41,'NO','2024-05-26','2024-03-19 22:46:06','2024-03-19 22:47:35'),(177,15,9,1223.95,300.41,14.99,923.54,315.41,'NO','2024-06-02','2024-03-19 22:46:06','2024-03-19 22:47:35'),(178,15,10,923.54,304.09,11.31,619.45,315.41,'NO','2024-06-09','2024-03-19 22:46:06','2024-03-19 22:47:35'),(179,15,11,619.45,307.82,7.59,311.63,315.41,'NO','2024-06-16','2024-03-19 22:46:06','2024-03-19 22:47:35'),(180,15,12,311.63,311.63,3.82,0.00,315.41,'NO','2024-06-23','2024-03-19 22:46:06','2024-03-19 22:47:35'),(181,16,1,3000.00,233.60,36.75,2766.40,270.35,'SI','2024-05-01','2024-04-24 14:42:09','2024-05-06 17:26:07'),(182,16,2,2766.40,236.46,33.89,2529.94,270.35,'NO','2024-05-08','2024-04-24 14:42:09','2024-04-24 14:43:14'),(183,16,3,2529.94,239.35,30.99,2290.59,270.35,'NO','2024-05-15','2024-04-24 14:42:09','2024-04-24 14:43:14'),(184,16,4,2290.59,242.29,28.06,2048.30,270.35,'NO','2024-05-22','2024-04-24 14:42:09','2024-04-24 14:43:14'),(185,16,5,2048.30,245.25,25.09,1803.05,270.35,'NO','2024-05-29','2024-04-24 14:42:09','2024-04-24 14:43:14'),(186,16,6,1803.05,248.26,22.09,1554.79,270.35,'NO','2024-06-05','2024-04-24 14:42:09','2024-04-24 14:43:14'),(187,16,7,1554.79,251.30,19.05,1303.49,270.35,'NO','2024-06-12','2024-04-24 14:42:09','2024-04-24 14:43:14'),(188,16,8,1303.49,254.38,15.97,1049.11,270.35,'NO','2024-06-19','2024-04-24 14:42:09','2024-04-24 14:43:14'),(189,16,9,1049.11,257.49,12.85,791.62,270.35,'NO','2024-06-26','2024-04-24 14:42:09','2024-04-24 14:43:14'),(190,16,10,791.62,260.65,9.70,530.97,270.35,'NO','2024-07-03','2024-04-24 14:42:09','2024-04-24 14:43:14'),(191,16,11,530.97,263.84,6.50,267.13,270.35,'NO','2024-07-10','2024-04-24 14:42:09','2024-04-24 14:43:14'),(192,16,12,267.13,267.13,3.27,0.00,270.35,'NO','2024-07-17','2024-04-24 14:42:09','2024-04-24 14:43:14'),(193,17,1,4000.00,311.47,49.00,3688.53,360.47,'NO','2024-05-27','2024-04-24 14:46:04','2024-04-24 14:47:01'),(194,17,2,3688.53,315.28,45.18,3373.25,360.47,'NO','2024-06-03','2024-04-24 14:46:04','2024-04-24 14:47:01'),(195,17,3,3373.25,319.14,41.32,3054.11,360.47,'NO','2024-06-10','2024-04-24 14:46:04','2024-04-24 14:47:01'),(196,17,4,3054.11,323.05,37.41,2731.06,360.47,'NO','2024-06-17','2024-04-24 14:46:04','2024-04-24 14:47:01'),(197,17,5,2731.06,327.01,33.46,2404.05,360.47,'NO','2024-06-24','2024-04-24 14:46:04','2024-04-24 14:47:01'),(198,17,6,2404.05,331.02,29.45,2073.03,360.47,'NO','2024-07-01','2024-04-24 14:46:04','2024-04-24 14:47:01'),(199,17,7,2073.03,335.07,25.39,1737.96,360.47,'NO','2024-07-08','2024-04-24 14:46:04','2024-04-24 14:47:01'),(200,17,8,1737.96,339.17,21.29,1398.79,360.47,'NO','2024-07-15','2024-04-24 14:46:04','2024-04-24 14:47:01'),(201,17,9,1398.79,343.33,17.14,1055.46,360.47,'NO','2024-07-22','2024-04-24 14:46:04','2024-04-24 14:47:01'),(202,17,10,1055.46,347.54,12.93,707.92,360.47,'NO','2024-07-29','2024-04-24 14:46:04','2024-04-24 14:47:01'),(203,17,11,707.92,351.79,8.67,356.13,360.47,'NO','2024-08-05','2024-04-24 14:46:04','2024-04-24 14:47:01'),(204,17,12,356.13,356.13,4.36,0.00,360.47,'NO','2024-08-12','2024-04-24 14:46:04','2024-04-24 14:47:01'),(205,18,1,2500.00,194.66,30.63,2305.34,225.29,'NO','2024-05-03','2024-04-26 23:24:22','2024-04-26 23:53:50'),(206,18,2,2305.34,197.04,28.24,2108.30,225.29,'NO','2024-05-10','2024-04-26 23:24:22','2024-04-26 23:53:50'),(207,18,3,2108.30,199.46,25.83,1908.84,225.29,'NO','2024-05-17','2024-04-26 23:24:22','2024-04-26 23:53:50'),(208,18,4,1908.84,201.90,23.38,1706.94,225.29,'NO','2024-05-24','2024-04-26 23:24:22','2024-04-26 23:53:50'),(209,18,5,1706.94,204.37,20.91,1502.57,225.29,'NO','2024-05-31','2024-04-26 23:24:22','2024-04-26 23:53:50'),(210,18,6,1502.57,206.88,18.41,1295.69,225.29,'NO','2024-06-07','2024-04-26 23:24:22','2024-04-26 23:53:50'),(211,18,7,1295.69,209.41,15.87,1086.28,225.29,'NO','2024-06-14','2024-04-26 23:24:22','2024-04-26 23:53:50'),(212,18,8,1086.28,211.98,13.31,874.30,225.29,'NO','2024-06-21','2024-04-26 23:24:22','2024-04-26 23:53:50'),(213,18,9,874.30,214.57,10.71,659.73,225.29,'NO','2024-06-28','2024-04-26 23:24:22','2024-04-26 23:53:50'),(214,18,10,659.73,217.20,8.08,442.53,225.29,'NO','2024-07-05','2024-04-26 23:24:22','2024-04-26 23:53:50'),(215,18,11,442.53,219.86,5.42,222.67,225.29,'NO','2024-07-12','2024-04-26 23:24:22','2024-04-26 23:53:50'),(216,18,12,222.67,222.67,2.73,0.00,225.29,'NO','2024-07-19','2024-04-26 23:24:22','2024-04-26 23:53:50'),(217,19,1,3000.00,233.60,36.75,2766.40,270.35,'NO','2024-05-03','2024-04-26 23:26:18','2024-04-26 23:54:06'),(218,19,2,2766.40,236.46,33.89,2529.94,270.35,'NO','2024-05-10','2024-04-26 23:26:18','2024-04-26 23:54:06'),(219,19,3,2529.94,239.35,30.99,2290.59,270.35,'NO','2024-05-17','2024-04-26 23:26:18','2024-04-26 23:54:06'),(220,19,4,2290.59,242.29,28.06,2048.30,270.35,'NO','2024-05-24','2024-04-26 23:26:18','2024-04-26 23:54:06'),(221,19,5,2048.30,245.25,25.09,1803.05,270.35,'NO','2024-05-31','2024-04-26 23:26:18','2024-04-26 23:54:06'),(222,19,6,1803.05,248.26,22.09,1554.79,270.35,'NO','2024-06-07','2024-04-26 23:26:18','2024-04-26 23:54:06'),(223,19,7,1554.79,251.30,19.05,1303.49,270.35,'NO','2024-06-14','2024-04-26 23:26:18','2024-04-26 23:54:06'),(224,19,8,1303.49,254.38,15.97,1049.11,270.35,'NO','2024-06-21','2024-04-26 23:26:18','2024-04-26 23:54:06'),(225,19,9,1049.11,257.49,12.85,791.62,270.35,'NO','2024-06-28','2024-04-26 23:26:18','2024-04-26 23:54:06'),(226,19,10,791.62,260.65,9.70,530.97,270.35,'NO','2024-07-05','2024-04-26 23:26:18','2024-04-26 23:54:06'),(227,19,11,530.97,263.84,6.50,267.13,270.35,'NO','2024-07-12','2024-04-26 23:26:18','2024-04-26 23:54:06'),(228,19,12,267.13,267.13,3.27,0.00,270.35,'NO','2024-07-19','2024-04-26 23:26:18','2024-04-26 23:54:06'),(229,20,1,4000.00,311.47,49.00,3688.53,360.47,'NO','2024-05-03','2024-04-26 23:31:27','2024-04-26 23:54:18'),(230,20,2,3688.53,315.28,45.18,3373.25,360.47,'NO','2024-05-10','2024-04-26 23:31:27','2024-04-26 23:54:18'),(231,20,3,3373.25,319.14,41.32,3054.11,360.47,'NO','2024-05-17','2024-04-26 23:31:27','2024-04-26 23:54:18'),(232,20,4,3054.11,323.05,37.41,2731.06,360.47,'NO','2024-05-24','2024-04-26 23:31:27','2024-04-26 23:54:18'),(233,20,5,2731.06,327.01,33.46,2404.05,360.47,'NO','2024-05-31','2024-04-26 23:31:27','2024-04-26 23:54:18'),(234,20,6,2404.05,331.02,29.45,2073.03,360.47,'NO','2024-06-07','2024-04-26 23:31:27','2024-04-26 23:54:18'),(235,20,7,2073.03,335.07,25.39,1737.96,360.47,'NO','2024-06-14','2024-04-26 23:31:27','2024-04-26 23:54:18'),(236,20,8,1737.96,339.17,21.29,1398.79,360.47,'NO','2024-06-21','2024-04-26 23:31:27','2024-04-26 23:54:18'),(237,20,9,1398.79,343.33,17.14,1055.46,360.47,'NO','2024-06-28','2024-04-26 23:31:27','2024-04-26 23:54:18'),(238,20,10,1055.46,347.54,12.93,707.92,360.47,'NO','2024-07-05','2024-04-26 23:31:27','2024-04-26 23:54:18'),(239,20,11,707.92,351.79,8.67,356.13,360.47,'NO','2024-07-12','2024-04-26 23:31:27','2024-04-26 23:54:18'),(240,20,12,356.13,356.13,4.36,0.00,360.47,'NO','2024-07-19','2024-04-26 23:31:27','2024-04-26 23:54:18'),(241,21,1,3000.00,233.60,36.75,2766.40,270.35,'NO','2024-05-05','2024-04-26 23:33:43','2024-04-28 20:17:09'),(242,21,2,2766.40,236.46,33.89,2529.94,270.35,'NO','2024-05-12','2024-04-26 23:33:43','2024-04-28 20:17:09'),(243,21,3,2529.94,239.35,30.99,2290.59,270.35,'NO','2024-05-19','2024-04-26 23:33:43','2024-04-28 20:17:09'),(244,21,4,2290.59,242.29,28.06,2048.30,270.35,'NO','2024-05-26','2024-04-26 23:33:43','2024-04-28 20:17:09'),(245,21,5,2048.30,245.25,25.09,1803.05,270.35,'NO','2024-06-02','2024-04-26 23:33:43','2024-04-28 20:17:09'),(246,21,6,1803.05,248.26,22.09,1554.79,270.35,'NO','2024-06-09','2024-04-26 23:33:43','2024-04-28 20:17:09'),(247,21,7,1554.79,251.30,19.05,1303.49,270.35,'NO','2024-06-16','2024-04-26 23:33:43','2024-04-28 20:17:09'),(248,21,8,1303.49,254.38,15.97,1049.11,270.35,'NO','2024-06-23','2024-04-26 23:33:43','2024-04-28 20:17:09'),(249,21,9,1049.11,257.49,12.85,791.62,270.35,'NO','2024-06-30','2024-04-26 23:33:43','2024-04-28 20:17:09'),(250,21,10,791.62,260.65,9.70,530.97,270.35,'NO','2024-07-07','2024-04-26 23:33:43','2024-04-28 20:17:09'),(251,21,11,530.97,263.84,6.50,267.13,270.35,'NO','2024-07-14','2024-04-26 23:33:43','2024-04-28 20:17:09'),(252,21,12,267.13,267.13,3.27,0.00,270.35,'NO','2024-07-21','2024-04-26 23:33:43','2024-04-28 20:17:09'),(253,22,1,3500.00,272.53,42.88,3227.47,315.41,'NO','2024-05-05','2024-04-26 23:35:50','2024-04-28 20:18:13'),(254,22,2,3227.47,275.87,39.54,2951.60,315.41,'NO','2024-05-12','2024-04-26 23:35:50','2024-04-28 20:18:13'),(255,22,3,2951.60,279.25,36.16,2672.35,315.41,'NO','2024-05-19','2024-04-26 23:35:50','2024-04-28 20:18:13'),(256,22,4,2672.35,282.67,32.74,2389.68,315.41,'NO','2024-05-26','2024-04-26 23:35:50','2024-04-28 20:18:13'),(257,22,5,2389.68,286.13,29.27,2103.55,315.41,'NO','2024-06-02','2024-04-26 23:35:50','2024-04-28 20:18:13'),(258,22,6,2103.55,289.64,25.77,1813.91,315.41,'NO','2024-06-09','2024-04-26 23:35:50','2024-04-28 20:18:13'),(259,22,7,1813.91,293.18,22.22,1520.73,315.41,'NO','2024-06-16','2024-04-26 23:35:50','2024-04-28 20:18:13'),(260,22,8,1520.73,296.78,18.63,1223.95,315.41,'NO','2024-06-23','2024-04-26 23:35:50','2024-04-28 20:18:13'),(261,22,9,1223.95,300.41,14.99,923.54,315.41,'NO','2024-06-30','2024-04-26 23:35:50','2024-04-28 20:18:13'),(262,22,10,923.54,304.09,11.31,619.45,315.41,'NO','2024-07-07','2024-04-26 23:35:50','2024-04-28 20:18:13'),(263,22,11,619.45,307.82,7.59,311.63,315.41,'NO','2024-07-14','2024-04-26 23:35:50','2024-04-28 20:18:13'),(264,22,12,311.63,311.63,3.82,0.00,315.41,'NO','2024-07-21','2024-04-26 23:35:50','2024-04-28 20:18:13'),(265,23,1,3000.00,233.60,36.75,2766.40,270.35,'SI','2024-05-05','2024-04-26 23:37:54','2024-04-28 21:02:03'),(266,23,2,2766.40,236.46,33.89,2529.94,270.35,'SI','2024-05-12','2024-04-26 23:37:54','2024-04-28 21:02:03'),(267,23,3,2529.94,239.35,30.99,2290.59,270.35,'SI','2024-05-19','2024-04-26 23:37:54','2024-04-28 21:02:03'),(268,23,4,2290.59,242.29,28.06,2048.30,270.35,'SI','2024-05-26','2024-04-26 23:37:54','2024-04-28 21:02:03'),(269,23,5,2048.30,245.25,25.09,1803.05,270.35,'SI','2024-06-02','2024-04-26 23:37:54','2024-04-28 21:02:03'),(270,23,6,1803.05,248.26,22.09,1554.79,270.35,'SI','2024-06-09','2024-04-26 23:37:54','2024-04-28 21:02:03'),(271,23,7,1554.79,251.30,19.05,1303.49,270.35,'SI','2024-06-16','2024-04-26 23:37:54','2024-04-28 21:02:03'),(272,23,8,1303.49,254.38,15.97,1049.11,270.35,'SI','2024-06-23','2024-04-26 23:37:54','2024-04-28 21:02:03'),(273,23,9,1049.11,257.49,12.85,791.62,270.35,'SI','2024-06-30','2024-04-26 23:37:54','2024-04-28 21:02:03'),(274,23,10,791.62,260.65,9.70,530.97,270.35,'SI','2024-07-07','2024-04-26 23:37:54','2024-04-28 21:02:03'),(275,23,11,530.97,263.84,6.50,267.13,270.35,'SI','2024-07-14','2024-04-26 23:37:54','2024-04-28 21:02:03'),(276,23,12,267.13,267.13,3.27,0.00,270.35,'SI','2024-07-21','2024-04-26 23:37:54','2024-04-28 21:02:03'),(277,24,1,3500.00,272.53,42.88,3227.47,315.41,'NO','2024-05-05','2024-04-26 23:41:12','2024-04-28 20:19:35'),(278,24,2,3227.47,275.87,39.54,2951.60,315.41,'NO','2024-05-12','2024-04-26 23:41:12','2024-04-28 20:19:35'),(279,24,3,2951.60,279.25,36.16,2672.35,315.41,'NO','2024-05-19','2024-04-26 23:41:12','2024-04-28 20:19:35'),(280,24,4,2672.35,282.67,32.74,2389.68,315.41,'NO','2024-05-26','2024-04-26 23:41:12','2024-04-28 20:19:35'),(281,24,5,2389.68,286.13,29.27,2103.55,315.41,'NO','2024-06-02','2024-04-26 23:41:12','2024-04-28 20:19:35'),(282,24,6,2103.55,289.64,25.77,1813.91,315.41,'NO','2024-06-09','2024-04-26 23:41:12','2024-04-28 20:19:35'),(283,24,7,1813.91,293.18,22.22,1520.73,315.41,'NO','2024-06-16','2024-04-26 23:41:12','2024-04-28 20:19:35'),(284,24,8,1520.73,296.78,18.63,1223.95,315.41,'NO','2024-06-23','2024-04-26 23:41:12','2024-04-28 20:19:35'),(285,24,9,1223.95,300.41,14.99,923.54,315.41,'NO','2024-06-30','2024-04-26 23:41:12','2024-04-28 20:19:35'),(286,24,10,923.54,304.09,11.31,619.45,315.41,'NO','2024-07-07','2024-04-26 23:41:12','2024-04-28 20:19:35'),(287,24,11,619.45,307.82,7.59,311.63,315.41,'NO','2024-07-14','2024-04-26 23:41:12','2024-04-28 20:19:35'),(288,24,12,311.63,311.63,3.82,0.00,315.41,'NO','2024-07-21','2024-04-26 23:41:12','2024-04-28 20:19:35'),(289,25,1,5000.00,389.33,61.25,4610.67,450.58,'NO','2024-05-06','2024-04-26 23:43:24','2024-04-26 23:55:50'),(290,25,2,4610.67,394.09,56.48,4216.58,450.58,'NO','2024-05-13','2024-04-26 23:43:24','2024-04-26 23:55:50'),(291,25,3,4216.58,398.92,51.65,3817.66,450.58,'NO','2024-05-20','2024-04-26 23:43:24','2024-04-26 23:55:50'),(292,25,4,3817.66,403.81,46.77,3413.85,450.58,'NO','2024-05-27','2024-04-26 23:43:24','2024-04-26 23:55:50'),(293,25,5,3413.85,408.76,41.82,3005.09,450.58,'NO','2024-06-03','2024-04-26 23:43:24','2024-04-26 23:55:50'),(294,25,6,3005.09,413.76,36.81,2591.33,450.58,'NO','2024-06-10','2024-04-26 23:43:24','2024-04-26 23:55:50'),(295,25,7,2591.33,418.83,31.74,2172.50,450.58,'NO','2024-06-17','2024-04-26 23:43:24','2024-04-26 23:55:50'),(296,25,8,2172.50,423.96,26.61,1748.54,450.58,'NO','2024-06-24','2024-04-26 23:43:24','2024-04-26 23:55:50'),(297,25,9,1748.54,429.16,21.42,1319.38,450.58,'NO','2024-07-01','2024-04-26 23:43:24','2024-04-26 23:55:50'),(298,25,10,1319.38,434.41,16.16,884.96,450.58,'NO','2024-07-08','2024-04-26 23:43:24','2024-04-26 23:55:50'),(299,25,11,884.97,439.73,10.84,445.23,450.58,'NO','2024-07-15','2024-04-26 23:43:24','2024-04-26 23:55:50'),(300,25,12,445.24,445.24,5.45,0.00,450.58,'NO','2024-07-22','2024-04-26 23:43:24','2024-04-26 23:55:50'),(301,26,1,2500.00,194.66,30.63,2305.34,225.29,'NO','2024-05-06','2024-04-26 23:45:42','2024-04-26 23:56:03'),(302,26,2,2305.34,197.04,28.24,2108.30,225.29,'NO','2024-05-13','2024-04-26 23:45:42','2024-04-26 23:56:03'),(303,26,3,2108.30,199.46,25.83,1908.84,225.29,'NO','2024-05-20','2024-04-26 23:45:42','2024-04-26 23:56:03'),(304,26,4,1908.84,201.90,23.38,1706.94,225.29,'NO','2024-05-27','2024-04-26 23:45:42','2024-04-26 23:56:03'),(305,26,5,1706.94,204.37,20.91,1502.57,225.29,'NO','2024-06-03','2024-04-26 23:45:42','2024-04-26 23:56:03'),(306,26,6,1502.57,206.88,18.41,1295.69,225.29,'NO','2024-06-10','2024-04-26 23:45:42','2024-04-26 23:56:03'),(307,26,7,1295.69,209.41,15.87,1086.28,225.29,'NO','2024-06-17','2024-04-26 23:45:42','2024-04-26 23:56:03'),(308,26,8,1086.28,211.98,13.31,874.30,225.29,'NO','2024-06-24','2024-04-26 23:45:42','2024-04-26 23:56:03'),(309,26,9,874.30,214.57,10.71,659.73,225.29,'NO','2024-07-01','2024-04-26 23:45:42','2024-04-26 23:56:03'),(310,26,10,659.73,217.20,8.08,442.53,225.29,'NO','2024-07-08','2024-04-26 23:45:42','2024-04-26 23:56:03'),(311,26,11,442.53,219.86,5.42,222.67,225.29,'NO','2024-07-15','2024-04-26 23:45:42','2024-04-26 23:56:03'),(312,26,12,222.67,222.67,2.73,0.00,225.29,'NO','2024-07-22','2024-04-26 23:45:42','2024-04-26 23:56:03'),(313,27,1,1666.67,129.77,20.42,1536.90,150.19,'NO','2024-05-06','2024-04-26 23:53:01','2024-04-26 23:56:48'),(314,27,2,1536.90,131.36,18.83,1405.54,150.19,'NO','2024-05-13','2024-04-26 23:53:01','2024-04-26 23:56:48'),(315,27,3,1405.54,132.97,17.22,1272.57,150.19,'NO','2024-05-20','2024-04-26 23:53:01','2024-04-26 23:56:48'),(316,27,4,1272.57,134.60,15.59,1137.97,150.19,'NO','2024-05-27','2024-04-26 23:53:01','2024-04-26 23:56:48'),(317,27,5,1137.97,136.24,13.94,1001.73,150.19,'NO','2024-06-03','2024-04-26 23:53:01','2024-04-26 23:56:48'),(318,27,6,1001.73,137.91,12.27,863.82,150.19,'NO','2024-06-10','2024-04-26 23:53:01','2024-04-26 23:56:48'),(319,27,7,863.82,139.60,10.58,724.22,150.19,'NO','2024-06-17','2024-04-26 23:53:01','2024-04-26 23:56:48'),(320,27,8,724.22,141.31,8.87,582.91,150.19,'NO','2024-06-24','2024-04-26 23:53:01','2024-04-26 23:56:48'),(321,27,9,582.91,143.04,7.14,439.87,150.19,'NO','2024-07-01','2024-04-26 23:53:01','2024-04-26 23:56:48'),(322,27,10,439.87,144.80,5.39,295.07,150.19,'NO','2024-07-08','2024-04-26 23:53:01','2024-04-26 23:56:48'),(323,27,11,295.07,146.57,3.61,148.50,150.19,'NO','2024-07-15','2024-04-26 23:53:01','2024-04-26 23:56:48'),(324,27,12,148.50,148.50,1.82,0.00,150.19,'NO','2024-07-22','2024-04-26 23:53:01','2024-04-26 23:56:48'),(325,28,1,1666.67,129.77,20.42,1536.90,150.19,'NO','2024-05-06','2024-04-26 23:53:01','2024-04-26 23:56:48'),(326,28,2,1536.90,131.36,18.83,1405.54,150.19,'NO','2024-05-13','2024-04-26 23:53:01','2024-04-26 23:56:48'),(327,28,3,1405.54,132.97,17.22,1272.57,150.19,'NO','2024-05-20','2024-04-26 23:53:01','2024-04-26 23:56:48'),(328,28,4,1272.57,134.60,15.59,1137.97,150.19,'NO','2024-05-27','2024-04-26 23:53:01','2024-04-26 23:56:48'),(329,28,5,1137.97,136.24,13.94,1001.73,150.19,'NO','2024-06-03','2024-04-26 23:53:01','2024-04-26 23:56:48'),(330,28,6,1001.73,137.91,12.27,863.82,150.19,'NO','2024-06-10','2024-04-26 23:53:01','2024-04-26 23:56:48'),(331,28,7,863.82,139.60,10.58,724.22,150.19,'NO','2024-06-17','2024-04-26 23:53:01','2024-04-26 23:56:48'),(332,28,8,724.22,141.31,8.87,582.91,150.19,'NO','2024-06-24','2024-04-26 23:53:01','2024-04-26 23:56:48'),(333,28,9,582.91,143.04,7.14,439.87,150.19,'NO','2024-07-01','2024-04-26 23:53:01','2024-04-26 23:56:48'),(334,28,10,439.87,144.80,5.39,295.07,150.19,'NO','2024-07-08','2024-04-26 23:53:01','2024-04-26 23:56:48'),(335,28,11,295.07,146.57,3.61,148.50,150.19,'NO','2024-07-15','2024-04-26 23:53:01','2024-04-26 23:56:48'),(336,28,12,148.50,148.50,1.82,0.00,150.19,'NO','2024-07-22','2024-04-26 23:53:01','2024-04-26 23:56:48'),(337,29,1,1666.67,129.77,20.42,1536.90,150.19,'NO','2024-05-06','2024-04-26 23:53:01','2024-04-26 23:56:48'),(338,29,2,1536.90,131.36,18.83,1405.54,150.19,'NO','2024-05-13','2024-04-26 23:53:01','2024-04-26 23:56:48'),(339,29,3,1405.54,132.97,17.22,1272.57,150.19,'NO','2024-05-20','2024-04-26 23:53:01','2024-04-26 23:56:48'),(340,29,4,1272.57,134.60,15.59,1137.97,150.19,'NO','2024-05-27','2024-04-26 23:53:01','2024-04-26 23:56:48'),(341,29,5,1137.97,136.24,13.94,1001.73,150.19,'NO','2024-06-03','2024-04-26 23:53:01','2024-04-26 23:56:48'),(342,29,6,1001.73,137.91,12.27,863.82,150.19,'NO','2024-06-10','2024-04-26 23:53:01','2024-04-26 23:56:48'),(343,29,7,863.82,139.60,10.58,724.22,150.19,'NO','2024-06-17','2024-04-26 23:53:01','2024-04-26 23:56:48'),(344,29,8,724.22,141.31,8.87,582.91,150.19,'NO','2024-06-24','2024-04-26 23:53:01','2024-04-26 23:56:48'),(345,29,9,582.91,143.04,7.14,439.87,150.19,'NO','2024-07-01','2024-04-26 23:53:01','2024-04-26 23:56:48'),(346,29,10,439.87,144.80,5.39,295.07,150.19,'NO','2024-07-08','2024-04-26 23:53:01','2024-04-26 23:56:48'),(347,29,11,295.07,146.57,3.61,148.50,150.19,'NO','2024-07-15','2024-04-26 23:53:01','2024-04-26 23:56:48'),(348,29,12,148.50,148.50,1.82,0.00,150.19,'NO','2024-07-22','2024-04-26 23:53:01','2024-04-26 23:56:48'),(349,30,1,3000.00,233.60,36.75,2766.40,270.35,'NO',NULL,'2024-04-27 00:01:59','2024-04-27 00:01:59'),(350,30,2,2766.40,236.46,33.89,2529.94,270.35,'NO',NULL,'2024-04-27 00:01:59','2024-04-27 00:01:59'),(351,30,3,2529.94,239.35,30.99,2290.59,270.35,'NO',NULL,'2024-04-27 00:01:59','2024-04-27 00:01:59'),(352,30,4,2290.59,242.29,28.06,2048.30,270.35,'NO',NULL,'2024-04-27 00:01:59','2024-04-27 00:01:59'),(353,30,5,2048.30,245.25,25.09,1803.05,270.35,'NO',NULL,'2024-04-27 00:01:59','2024-04-27 00:01:59'),(354,30,6,1803.05,248.26,22.09,1554.79,270.35,'NO',NULL,'2024-04-27 00:01:59','2024-04-27 00:01:59'),(355,30,7,1554.79,251.30,19.05,1303.49,270.35,'NO',NULL,'2024-04-27 00:01:59','2024-04-27 00:01:59'),(356,30,8,1303.49,254.38,15.97,1049.11,270.35,'NO',NULL,'2024-04-27 00:01:59','2024-04-27 00:01:59'),(357,30,9,1049.11,257.49,12.85,791.62,270.35,'NO',NULL,'2024-04-27 00:01:59','2024-04-27 00:01:59'),(358,30,10,791.62,260.65,9.70,530.97,270.35,'NO',NULL,'2024-04-27 00:01:59','2024-04-27 00:01:59'),(359,30,11,530.97,263.84,6.50,267.13,270.35,'NO',NULL,'2024-04-27 00:01:59','2024-04-27 00:01:59'),(360,30,12,267.13,267.13,3.27,0.00,270.35,'NO',NULL,'2024-04-27 00:01:59','2024-04-27 00:01:59'),(361,31,1,2500.00,194.66,30.63,2305.34,225.29,'NO',NULL,'2024-04-27 00:05:12','2024-04-27 00:05:12'),(362,31,2,2305.34,197.04,28.24,2108.30,225.29,'NO',NULL,'2024-04-27 00:05:12','2024-04-27 00:05:12'),(363,31,3,2108.30,199.46,25.83,1908.84,225.29,'NO',NULL,'2024-04-27 00:05:12','2024-04-27 00:05:12'),(364,31,4,1908.84,201.90,23.38,1706.94,225.29,'NO',NULL,'2024-04-27 00:05:12','2024-04-27 00:05:12'),(365,31,5,1706.94,204.37,20.91,1502.57,225.29,'NO',NULL,'2024-04-27 00:05:12','2024-04-27 00:05:12'),(366,31,6,1502.57,206.88,18.41,1295.69,225.29,'NO',NULL,'2024-04-27 00:05:12','2024-04-27 00:05:12'),(367,31,7,1295.69,209.41,15.87,1086.28,225.29,'NO',NULL,'2024-04-27 00:05:12','2024-04-27 00:05:12'),(368,31,8,1086.28,211.98,13.31,874.30,225.29,'NO',NULL,'2024-04-27 00:05:12','2024-04-27 00:05:12'),(369,31,9,874.30,214.57,10.71,659.73,225.29,'NO',NULL,'2024-04-27 00:05:12','2024-04-27 00:05:12'),(370,31,10,659.73,217.20,8.08,442.53,225.29,'NO',NULL,'2024-04-27 00:05:12','2024-04-27 00:05:12'),(371,31,11,442.53,219.86,5.42,222.67,225.29,'NO',NULL,'2024-04-27 00:05:12','2024-04-27 00:05:12'),(372,31,12,222.67,222.67,2.73,0.00,225.29,'NO',NULL,'2024-04-27 00:05:12','2024-04-27 00:05:12'),(373,32,1,2800.00,218.03,34.30,2581.96,252.33,'NO',NULL,'2024-04-27 00:12:19','2024-04-27 00:12:19'),(374,32,2,2581.97,220.70,31.63,2361.27,252.33,'NO',NULL,'2024-04-27 00:12:19','2024-04-27 00:12:19'),(375,32,3,2361.27,223.40,28.93,2137.87,252.33,'NO',NULL,'2024-04-27 00:12:19','2024-04-27 00:12:19'),(376,32,4,2137.87,226.14,26.19,1911.73,252.33,'NO',NULL,'2024-04-27 00:12:19','2024-04-27 00:12:19'),(377,32,5,1911.73,228.91,23.42,1682.82,252.33,'NO',NULL,'2024-04-27 00:12:19','2024-04-27 00:12:19'),(378,32,6,1682.82,231.71,20.61,1451.11,252.33,'NO',NULL,'2024-04-27 00:12:19','2024-04-27 00:12:19'),(379,32,7,1451.11,234.55,17.78,1216.56,252.33,'NO',NULL,'2024-04-27 00:12:19','2024-04-27 00:12:19'),(380,32,8,1216.56,237.42,14.90,979.14,252.33,'NO',NULL,'2024-04-27 00:12:19','2024-04-27 00:12:19'),(381,32,9,979.14,240.33,11.99,738.81,252.33,'NO',NULL,'2024-04-27 00:12:19','2024-04-27 00:12:19'),(382,32,10,738.81,243.27,9.05,495.54,252.33,'NO',NULL,'2024-04-27 00:12:19','2024-04-27 00:12:19'),(383,32,11,495.54,246.25,6.07,249.28,252.33,'NO',NULL,'2024-04-27 00:12:19','2024-04-27 00:12:19'),(384,32,12,249.29,249.29,3.05,0.00,252.33,'NO',NULL,'2024-04-27 00:12:19','2024-04-27 00:12:19'),(385,33,1,1333.33,103.82,16.33,1229.51,120.16,'NO','2024-05-04','2024-04-27 00:19:16','2024-04-27 00:26:13'),(386,33,2,1229.51,105.09,15.06,1124.42,120.16,'NO','2024-05-11','2024-04-27 00:19:16','2024-04-27 00:26:13'),(387,33,3,1124.42,106.38,13.77,1018.04,120.16,'NO','2024-05-18','2024-04-27 00:19:16','2024-04-27 00:26:13'),(388,33,4,1018.04,107.68,12.47,910.36,120.16,'NO','2024-05-25','2024-04-27 00:19:16','2024-04-27 00:26:13'),(389,33,5,910.36,109.00,11.15,801.36,120.16,'NO','2024-06-01','2024-04-27 00:19:16','2024-04-27 00:26:13'),(390,33,6,801.36,110.34,9.82,691.02,120.16,'NO','2024-06-08','2024-04-27 00:19:16','2024-04-27 00:26:13'),(391,33,7,691.02,111.69,8.46,579.33,120.16,'NO','2024-06-15','2024-04-27 00:19:16','2024-04-27 00:26:13'),(392,33,8,579.33,113.06,7.10,466.27,120.16,'NO','2024-06-22','2024-04-27 00:19:16','2024-04-27 00:26:13'),(393,33,9,466.27,114.44,5.71,351.83,120.16,'NO','2024-06-29','2024-04-27 00:19:16','2024-04-27 00:26:13'),(394,33,10,351.83,115.85,4.31,235.98,120.16,'NO','2024-07-06','2024-04-27 00:19:16','2024-04-27 00:26:13'),(395,33,11,235.98,117.26,2.89,118.72,120.16,'NO','2024-07-13','2024-04-27 00:19:16','2024-04-27 00:26:13'),(396,33,12,118.72,118.72,1.45,0.00,120.16,'NO','2024-07-20','2024-04-27 00:19:16','2024-04-27 00:26:13'),(397,34,1,1333.33,103.82,16.33,1229.51,120.16,'NO','2024-05-04','2024-04-27 00:19:16','2024-04-27 00:26:13'),(398,34,2,1229.51,105.09,15.06,1124.42,120.16,'NO','2024-05-11','2024-04-27 00:19:16','2024-04-27 00:26:13'),(399,34,3,1124.42,106.38,13.77,1018.04,120.16,'NO','2024-05-18','2024-04-27 00:19:16','2024-04-27 00:26:13'),(400,34,4,1018.04,107.68,12.47,910.36,120.16,'NO','2024-05-25','2024-04-27 00:19:16','2024-04-27 00:26:13'),(401,34,5,910.36,109.00,11.15,801.36,120.16,'NO','2024-06-01','2024-04-27 00:19:16','2024-04-27 00:26:13'),(402,34,6,801.36,110.34,9.82,691.02,120.16,'NO','2024-06-08','2024-04-27 00:19:16','2024-04-27 00:26:13'),(403,34,7,691.02,111.69,8.46,579.33,120.16,'NO','2024-06-15','2024-04-27 00:19:16','2024-04-27 00:26:13'),(404,34,8,579.33,113.06,7.10,466.27,120.16,'NO','2024-06-22','2024-04-27 00:19:16','2024-04-27 00:26:13'),(405,34,9,466.27,114.44,5.71,351.83,120.16,'NO','2024-06-29','2024-04-27 00:19:16','2024-04-27 00:26:13'),(406,34,10,351.83,115.85,4.31,235.98,120.16,'NO','2024-07-06','2024-04-27 00:19:16','2024-04-27 00:26:13'),(407,34,11,235.98,117.26,2.89,118.72,120.16,'NO','2024-07-13','2024-04-27 00:19:16','2024-04-27 00:26:13'),(408,34,12,118.72,118.72,1.45,0.00,120.16,'NO','2024-07-20','2024-04-27 00:19:16','2024-04-27 00:26:13'),(409,35,1,1333.33,103.82,16.33,1229.51,120.16,'NO','2024-05-04','2024-04-27 00:19:16','2024-04-27 00:26:13'),(410,35,2,1229.51,105.09,15.06,1124.42,120.16,'NO','2024-05-11','2024-04-27 00:19:16','2024-04-27 00:26:13'),(411,35,3,1124.42,106.38,13.77,1018.04,120.16,'NO','2024-05-18','2024-04-27 00:19:16','2024-04-27 00:26:13'),(412,35,4,1018.04,107.68,12.47,910.36,120.16,'NO','2024-05-25','2024-04-27 00:19:16','2024-04-27 00:26:13'),(413,35,5,910.36,109.00,11.15,801.36,120.16,'NO','2024-06-01','2024-04-27 00:19:16','2024-04-27 00:26:13'),(414,35,6,801.36,110.34,9.82,691.02,120.16,'NO','2024-06-08','2024-04-27 00:19:16','2024-04-27 00:26:13'),(415,35,7,691.02,111.69,8.46,579.33,120.16,'NO','2024-06-15','2024-04-27 00:19:16','2024-04-27 00:26:13'),(416,35,8,579.33,113.06,7.10,466.27,120.16,'NO','2024-06-22','2024-04-27 00:19:16','2024-04-27 00:26:13'),(417,35,9,466.27,114.44,5.71,351.83,120.16,'NO','2024-06-29','2024-04-27 00:19:16','2024-04-27 00:26:13'),(418,35,10,351.83,115.85,4.31,235.98,120.16,'NO','2024-07-06','2024-04-27 00:19:16','2024-04-27 00:26:13'),(419,35,11,235.98,117.26,2.89,118.72,120.16,'NO','2024-07-13','2024-04-27 00:19:16','2024-04-27 00:26:13'),(420,35,12,118.72,118.72,1.45,0.00,120.16,'NO','2024-07-20','2024-04-27 00:19:16','2024-04-27 00:26:13'),(421,36,1,1500.00,116.80,18.38,1383.20,135.18,'NO','2024-05-06','2024-04-27 00:25:47','2024-04-27 00:27:05'),(422,36,2,1383.20,118.23,16.94,1264.97,135.18,'NO','2024-05-13','2024-04-27 00:25:47','2024-04-27 00:27:05'),(423,36,3,1264.97,119.68,15.50,1145.29,135.18,'NO','2024-05-20','2024-04-27 00:25:47','2024-04-27 00:27:05'),(424,36,4,1145.29,121.15,14.03,1024.13,135.18,'NO','2024-05-27','2024-04-27 00:25:47','2024-04-27 00:27:05'),(425,36,5,1024.14,122.63,12.55,901.50,135.18,'NO','2024-06-03','2024-04-27 00:25:47','2024-04-27 00:27:05'),(426,36,6,901.51,124.13,11.04,777.37,135.18,'NO','2024-06-10','2024-04-27 00:25:47','2024-04-27 00:27:05'),(427,36,7,777.38,125.65,9.52,651.72,135.18,'NO','2024-06-17','2024-04-27 00:25:47','2024-04-27 00:27:05'),(428,36,8,651.73,127.19,7.98,524.54,135.18,'NO','2024-06-24','2024-04-27 00:25:47','2024-04-27 00:27:05'),(429,36,9,524.54,128.75,6.43,395.79,135.18,'NO','2024-07-01','2024-04-27 00:25:47','2024-04-27 00:27:05'),(430,36,10,395.79,130.33,4.85,265.45,135.18,'NO','2024-07-08','2024-04-27 00:25:47','2024-04-27 00:27:05'),(431,36,11,265.46,131.92,3.25,133.53,135.18,'NO','2024-07-15','2024-04-27 00:25:47','2024-04-27 00:27:05'),(432,36,12,133.54,133.54,1.64,0.00,135.18,'NO','2024-07-22','2024-04-27 00:25:47','2024-04-27 00:27:05'),(433,37,1,1500.00,116.80,18.38,1383.20,135.18,'NO','2024-05-06','2024-04-27 00:25:47','2024-04-27 00:27:05'),(434,37,2,1383.20,118.23,16.94,1264.97,135.18,'NO','2024-05-13','2024-04-27 00:25:47','2024-04-27 00:27:05'),(435,37,3,1264.97,119.68,15.50,1145.29,135.18,'NO','2024-05-20','2024-04-27 00:25:47','2024-04-27 00:27:05'),(436,37,4,1145.29,121.15,14.03,1024.13,135.18,'NO','2024-05-27','2024-04-27 00:25:47','2024-04-27 00:27:05'),(437,37,5,1024.14,122.63,12.55,901.50,135.18,'NO','2024-06-03','2024-04-27 00:25:47','2024-04-27 00:27:05'),(438,37,6,901.51,124.13,11.04,777.37,135.18,'NO','2024-06-10','2024-04-27 00:25:47','2024-04-27 00:27:05'),(439,37,7,777.38,125.65,9.52,651.72,135.18,'NO','2024-06-17','2024-04-27 00:25:47','2024-04-27 00:27:05'),(440,37,8,651.73,127.19,7.98,524.54,135.18,'NO','2024-06-24','2024-04-27 00:25:47','2024-04-27 00:27:05'),(441,37,9,524.54,128.75,6.43,395.79,135.18,'NO','2024-07-01','2024-04-27 00:25:47','2024-04-27 00:27:05'),(442,37,10,395.79,130.33,4.85,265.45,135.18,'NO','2024-07-08','2024-04-27 00:25:47','2024-04-27 00:27:05'),(443,37,11,265.46,131.92,3.25,133.53,135.18,'NO','2024-07-15','2024-04-27 00:25:47','2024-04-27 00:27:05'),(444,37,12,133.54,133.54,1.64,0.00,135.18,'NO','2024-07-22','2024-04-27 00:25:47','2024-04-27 00:27:05'),(445,38,1,2000.00,155.72,24.50,1844.28,180.23,'NO','2024-05-05','2024-04-28 21:04:09','2024-04-28 21:04:46'),(446,38,2,1844.28,157.63,22.59,1686.65,180.23,'NO','2024-05-12','2024-04-28 21:04:09','2024-04-28 21:04:46'),(447,38,3,1686.65,159.56,20.66,1527.09,180.23,'NO','2024-05-19','2024-04-28 21:04:09','2024-04-28 21:04:46'),(448,38,4,1527.09,161.52,18.71,1365.57,180.23,'NO','2024-05-26','2024-04-28 21:04:09','2024-04-28 21:04:46'),(449,38,5,1365.57,163.50,16.73,1202.07,180.23,'NO','2024-06-02','2024-04-28 21:04:09','2024-04-28 21:04:46'),(450,38,6,1202.07,165.50,14.73,1036.57,180.23,'NO','2024-06-09','2024-04-28 21:04:09','2024-04-28 21:04:46'),(451,38,7,1036.57,167.53,12.70,869.04,180.23,'NO','2024-06-16','2024-04-28 21:04:09','2024-04-28 21:04:46'),(452,38,8,869.04,169.58,10.65,699.46,180.23,'NO','2024-06-23','2024-04-28 21:04:09','2024-04-28 21:04:46'),(453,38,9,699.46,171.66,8.57,527.80,180.23,'NO','2024-06-30','2024-04-28 21:04:09','2024-04-28 21:04:46'),(454,38,10,527.80,173.76,6.47,354.04,180.23,'NO','2024-07-07','2024-04-28 21:04:09','2024-04-28 21:04:46'),(455,38,11,354.04,175.89,4.34,178.15,180.23,'NO','2024-07-14','2024-04-28 21:04:09','2024-04-28 21:04:46'),(456,38,12,178.15,178.15,2.18,0.00,180.23,'NO','2024-07-21','2024-04-28 21:04:09','2024-04-28 21:04:46');
/*!40000 ALTER TABLE `plan_pagos` ENABLE KEYS */;
UNLOCK TABLES;

--
-- Table structure for table `prestamos`
--

DROP TABLE IF EXISTS `prestamos`;
/*!40101 SET @saved_cs_client     = @@character_set_client */;
/*!50503 SET character_set_client = utf8mb4 */;
CREATE TABLE `prestamos` (
  `id` bigint unsigned NOT NULL AUTO_INCREMENT,
  `user_id` bigint unsigned NOT NULL,
  `user_desembolso_id` bigint unsigned DEFAULT NULL,
  `user_aprobado_id` bigint unsigned DEFAULT NULL,
  `cliente_id` bigint unsigned NOT NULL,
  `tipo` varchar(155) CHARACTER SET utf8mb4 COLLATE utf8mb4_unicode_ci NOT NULL,
  `grupo_id` bigint unsigned DEFAULT NULL,
  `monto` decimal(24,2) NOT NULL,
  `plazo` int NOT NULL DEFAULT '12',
  `f_ci` int NOT NULL,
  `f_luz` int NOT NULL,
  `f_agua` int NOT NULL,
  `croquis` int NOT NULL,
  `documento_1` varchar(255) CHARACTER SET utf8mb4 COLLATE utf8mb4_unicode_ci DEFAULT NULL,
  `documento_2` varchar(255) CHARACTER SET utf8mb4 COLLATE utf8mb4_unicode_ci DEFAULT NULL,
  `documento_3` varchar(255) CHARACTER SET utf8mb4 COLLATE utf8mb4_unicode_ci DEFAULT NULL,
  `documento_4` varchar(255) CHARACTER SET utf8mb4 COLLATE utf8mb4_unicode_ci DEFAULT NULL,
  `estado` varchar(155) CHARACTER SET utf8mb4 COLLATE utf8mb4_unicode_ci NOT NULL,
  `desembolso` int NOT NULL DEFAULT '0',
  `finalizado` int NOT NULL DEFAULT '0',
  `fecha_aprobado` date DEFAULT NULL,
  `fecha_rechazado` date DEFAULT NULL,
  `fecha_desembolso` date DEFAULT NULL,
  `fecha_registro` date NOT NULL,
  `created_at` timestamp NULL DEFAULT NULL,
  `updated_at` timestamp NULL DEFAULT NULL,
  PRIMARY KEY (`id`),
  KEY `prestamos_user_id_foreign` (`user_id`),
  KEY `prestamos_cliente_id_foreign` (`cliente_id`),
  KEY `user_desembolso_id` (`user_desembolso_id`),
  KEY `user_aprobado_id` (`user_aprobado_id`),
  KEY `grupo_id` (`grupo_id`),
  CONSTRAINT `prestamos_cliente_id_foreign` FOREIGN KEY (`cliente_id`) REFERENCES `clientes` (`id`),
  CONSTRAINT `prestamos_ibfk_1` FOREIGN KEY (`user_desembolso_id`) REFERENCES `users` (`id`),
  CONSTRAINT `prestamos_ibfk_2` FOREIGN KEY (`user_aprobado_id`) REFERENCES `users` (`id`),
  CONSTRAINT `prestamos_ibfk_3` FOREIGN KEY (`grupo_id`) REFERENCES `grupos` (`id`),
  CONSTRAINT `prestamos_user_id_foreign` FOREIGN KEY (`user_id`) REFERENCES `users` (`id`)
) ENGINE=InnoDB AUTO_INCREMENT=39 DEFAULT CHARSET=utf8mb4 COLLATE=utf8mb4_unicode_ci;
/*!40101 SET character_set_client = @saved_cs_client */;

--
-- Dumping data for table `prestamos`
--

LOCK TABLES `prestamos` WRITE;
/*!40000 ALTER TABLE `prestamos` DISABLE KEYS */;
INSERT INTO `prestamos` VALUES (1,1,1,1,1,'INDIVIDUAL',NULL,1000.00,12,1,1,1,1,'MOto',NULL,NULL,NULL,'APROBADO',1,1,'2024-01-29',NULL,'2024-01-29','2024-01-29','2024-01-29 20:51:57','2024-03-20 22:35:43'),(2,1,NULL,NULL,2,'INDIVIDUAL',NULL,5000.00,12,1,1,1,1,'Auto',NULL,NULL,NULL,'RECHAZADO',0,0,NULL,'2024-03-20',NULL,'2024-02-04','2024-02-04 23:02:48','2024-03-20 22:17:09'),(3,1,1,1,3,'INDIVIDUAL',NULL,1500.00,12,1,1,1,1,'Auto',NULL,NULL,NULL,'APROBADO',1,0,'2024-02-04',NULL,'2024-04-28','2024-02-04','2024-02-04 23:06:22','2024-04-28 20:42:15'),(4,1,1,1,4,'INDIVIDUAL',NULL,2000.00,12,1,1,1,1,'movilidad',NULL,NULL,NULL,'APROBADO',1,1,'2024-02-07',NULL,'2024-02-07','2024-02-07','2024-02-07 21:40:40','2024-04-24 14:56:58'),(5,1,1,1,5,'INDIVIDUAL',NULL,1500.00,12,1,1,1,1,'camion',NULL,NULL,NULL,'APROBADO',1,0,'2024-02-07',NULL,'2024-04-28','2024-02-07','2024-02-07 22:05:03','2024-04-28 20:45:37'),(6,1,NULL,1,6,'INDIVIDUAL',NULL,1500.00,12,1,1,1,1,'Moto',NULL,NULL,NULL,'APROBADO',0,0,'2024-02-07',NULL,'2024-02-08','2024-02-07','2024-02-07 22:08:25','2024-02-07 22:08:42'),(7,1,NULL,1,7,'INDIVIDUAL',NULL,1500.00,12,1,1,1,1,'Documento del auto',NULL,NULL,NULL,'APROBADO',0,0,'2024-02-26',NULL,'2024-02-26','2024-02-26','2024-02-26 21:54:31','2024-02-26 21:54:57'),(8,1,1,1,8,'GRUPAL',1,1000.00,12,1,1,1,1,'Papeles de auto',NULL,NULL,NULL,'APROBADO',1,0,'2024-02-26',NULL,'2024-04-27','2024-02-26','2024-02-26 22:02:30','2024-04-27 18:02:40'),(9,1,1,1,9,'GRUPAL',1,1000.00,12,1,1,1,1,'Papeles de casa',NULL,NULL,NULL,'APROBADO',1,0,'2024-02-26',NULL,'2024-04-27','2024-02-26','2024-02-26 22:02:30','2024-04-27 18:02:40'),(10,1,1,1,10,'GRUPAL',1,1000.00,12,1,1,1,1,'Papeles de Auto',NULL,NULL,NULL,'APROBADO',1,0,'2024-02-26',NULL,'2024-04-27','2024-02-26','2024-02-26 22:02:30','2024-04-27 18:02:40'),(11,1,NULL,1,11,'INDIVIDUAL',NULL,2000.00,12,1,1,1,1,'moto',NULL,NULL,NULL,'APROBADO',0,0,'2024-02-26',NULL,'2024-03-04','2024-02-26','2024-02-26 22:29:12','2024-02-26 22:29:39'),(12,1,1,1,12,'GRUPAL',2,3333.33,12,1,1,1,1,'Papeles del vehiculo',NULL,NULL,NULL,'APROBADO',1,0,'2024-03-19',NULL,'2024-03-19','2024-03-19','2024-03-19 22:39:40','2024-03-19 22:40:33'),(13,1,1,1,13,'GRUPAL',2,3333.33,12,1,1,1,1,'Papeles de moto',NULL,NULL,NULL,'APROBADO',1,0,'2024-03-19',NULL,'2024-03-19','2024-03-19','2024-03-19 22:39:40','2024-03-19 22:40:33'),(14,1,1,1,14,'GRUPAL',2,3333.33,12,1,1,1,1,'Papeles de la moto',NULL,NULL,NULL,'APROBADO',1,0,'2024-03-19',NULL,'2024-03-19','2024-03-19','2024-03-19 22:39:40','2024-03-19 22:40:33'),(15,1,NULL,1,15,'INDIVIDUAL',NULL,3500.00,12,1,1,1,1,'Papeles de la moto',NULL,NULL,NULL,'APROBADO',0,0,'2024-03-19',NULL,'2024-03-31','2024-03-19','2024-03-19 22:46:06','2024-03-19 22:47:35'),(16,1,1,1,16,'INDIVIDUAL',NULL,3000.00,12,1,1,1,1,'Papeles del auto',NULL,NULL,NULL,'APROBADO',1,0,'2024-04-24',NULL,'2024-04-24','2024-04-24','2024-04-24 14:42:09','2024-04-24 14:48:12'),(17,1,NULL,1,17,'INDIVIDUAL',NULL,4000.00,12,1,1,1,1,'Papeles de la moto',NULL,NULL,NULL,'APROBADO',0,0,'2024-04-24',NULL,'2024-05-20','2024-04-24','2024-04-24 14:46:04','2024-04-24 14:47:01'),(18,1,1,1,18,'INDIVIDUAL',NULL,2500.00,12,1,1,1,1,'Papeles del Auto',NULL,NULL,NULL,'APROBADO',1,0,'2024-04-26',NULL,'2024-04-26','2024-04-26','2024-04-26 23:24:22','2024-04-26 23:57:42'),(19,1,1,1,19,'INDIVIDUAL',NULL,3000.00,12,1,1,1,1,'Papeles de Moto',NULL,NULL,NULL,'APROBADO',1,0,'2024-04-26',NULL,'2024-04-26','2024-04-26','2024-04-26 23:26:18','2024-04-26 23:57:58'),(20,1,1,1,20,'INDIVIDUAL',NULL,4000.00,12,1,1,1,1,'Documentos del terreno',NULL,NULL,NULL,'APROBADO',1,0,'2024-04-26',NULL,'2024-04-26','2024-04-26','2024-04-26 23:31:27','2024-04-26 23:58:10'),(21,1,1,1,21,'INDIVIDUAL',NULL,3000.00,12,1,1,1,1,'Papeles de la Moto',NULL,NULL,NULL,'APROBADO',1,0,'2024-04-26',NULL,'2024-04-28','2024-04-26','2024-04-26 23:33:43','2024-04-28 20:17:21'),(22,1,1,1,22,'INDIVIDUAL',NULL,3500.00,12,1,1,1,1,'Documentos del Auto',NULL,NULL,NULL,'APROBADO',1,0,'2024-04-26',NULL,'2024-04-28','2024-04-26','2024-04-26 23:35:50','2024-04-28 20:18:28'),(23,1,1,1,23,'INDIVIDUAL',NULL,3000.00,12,1,1,1,1,'Papeles del anticretico',NULL,NULL,NULL,'APROBADO',1,1,'2024-04-26',NULL,'2024-04-28','2024-04-26','2024-04-26 23:37:54','2024-04-28 21:02:03'),(24,1,1,1,24,'INDIVIDUAL',NULL,3500.00,12,1,1,1,1,'Papeles del Auto',NULL,NULL,NULL,'APROBADO',1,0,'2024-04-26',NULL,'2024-04-28','2024-04-26','2024-04-26 23:41:12','2024-04-28 20:19:46'),(25,1,NULL,1,25,'INDIVIDUAL',NULL,5000.00,12,1,1,1,1,'Papeles de la moto',NULL,NULL,NULL,'APROBADO',0,0,'2024-04-26',NULL,'2024-04-29','2024-04-26','2024-04-26 23:43:24','2024-04-26 23:55:50'),(26,1,NULL,1,26,'INDIVIDUAL',NULL,2500.00,12,1,1,1,1,'Papeles del auto',NULL,NULL,NULL,'APROBADO',0,0,'2024-04-26',NULL,'2024-04-29','2024-04-26','2024-04-26 23:45:42','2024-04-26 23:56:03'),(27,1,1,1,27,'GRUPAL',3,1666.67,12,1,1,1,1,'Papeles del Auto',NULL,NULL,NULL,'APROBADO',1,0,NULL,NULL,'2024-04-29','2024-04-26','2024-04-26 23:53:01','2024-04-26 23:56:48'),(28,1,1,1,28,'GRUPAL',3,1666.67,12,1,1,1,1,'Papeles de la moto',NULL,NULL,NULL,'APROBADO',1,0,NULL,NULL,'2024-04-29','2024-04-26','2024-04-26 23:53:01','2024-04-26 23:56:48'),(29,1,1,1,29,'GRUPAL',3,1666.67,12,1,1,1,1,'papeles del auto',NULL,NULL,NULL,'APROBADO',1,0,NULL,NULL,'2024-04-29','2024-04-26','2024-04-26 23:53:01','2024-04-26 23:56:48'),(30,1,NULL,NULL,30,'INDIVIDUAL',NULL,3000.00,12,1,1,1,1,'Papeles del Auto',NULL,NULL,NULL,'PRE APROBADO',0,0,NULL,NULL,NULL,'2024-04-27','2024-04-27 00:01:59','2024-04-27 00:01:59'),(31,1,NULL,NULL,31,'INDIVIDUAL',NULL,2500.00,12,1,1,1,1,'Papeles del auto',NULL,NULL,NULL,'PRE APROBADO',0,0,NULL,NULL,NULL,'2024-04-27','2024-04-27 00:05:12','2024-04-27 00:05:12'),(32,1,NULL,NULL,32,'INDIVIDUAL',NULL,2800.00,12,1,1,1,1,'Papeles de la moto',NULL,NULL,NULL,'PRE APROBADO',0,0,NULL,NULL,NULL,'2024-04-27','2024-04-27 00:12:19','2024-04-27 00:12:19'),(33,1,1,1,33,'GRUPAL',4,1333.33,12,1,1,1,1,'Papeles del Auto',NULL,NULL,NULL,'APROBADO',1,0,NULL,NULL,'2024-04-27','2024-04-27','2024-04-27 00:19:16','2024-04-27 00:26:13'),(34,1,1,1,34,'GRUPAL',4,1333.33,12,1,1,1,1,'papeles de la moto',NULL,NULL,NULL,'APROBADO',1,0,NULL,NULL,'2024-04-27','2024-04-27','2024-04-27 00:19:16','2024-04-27 00:26:13'),(35,1,1,1,35,'GRUPAL',4,1333.33,12,1,1,1,1,'Papeles de la moto',NULL,NULL,NULL,'APROBADO',1,0,NULL,NULL,'2024-04-27','2024-04-27','2024-04-27 00:19:16','2024-04-27 00:26:13'),(36,1,1,1,36,'GRUPAL',5,1500.00,12,1,1,1,1,'Papeles del auto',NULL,NULL,NULL,'APROBADO',1,0,NULL,NULL,'2024-04-29','2024-04-27','2024-04-27 00:25:47','2024-04-27 00:27:05'),(37,1,1,1,37,'GRUPAL',5,1500.00,12,1,1,1,1,'Papeles del Auto',NULL,NULL,NULL,'APROBADO',1,0,NULL,NULL,'2024-04-29','2024-04-27','2024-04-27 00:25:47','2024-04-27 00:27:05'),(38,1,NULL,1,23,'INDIVIDUAL',NULL,2000.00,12,1,1,1,1,NULL,NULL,NULL,NULL,'APROBADO',0,0,'2024-04-28',NULL,'2024-04-28','2024-04-28','2024-04-28 21:04:09','2024-04-28 21:04:46');
/*!40000 ALTER TABLE `prestamos` ENABLE KEYS */;
UNLOCK TABLES;

--
-- Table structure for table `salarios`
--

DROP TABLE IF EXISTS `salarios`;
/*!40101 SET @saved_cs_client     = @@character_set_client */;
/*!50503 SET character_set_client = utf8mb4 */;
CREATE TABLE `salarios` (
  `id` bigint unsigned NOT NULL AUTO_INCREMENT,
  `user_id` bigint unsigned NOT NULL,
  `salario` decimal(24,2) NOT NULL,
  `created_at` timestamp NULL DEFAULT NULL,
  `updated_at` timestamp NULL DEFAULT NULL,
  PRIMARY KEY (`id`)
) ENGINE=InnoDB AUTO_INCREMENT=2 DEFAULT CHARSET=utf8mb4 COLLATE=utf8mb4_unicode_ci;
/*!40101 SET character_set_client = @saved_cs_client */;

--
-- Dumping data for table `salarios`
--

LOCK TABLES `salarios` WRITE;
/*!40000 ALTER TABLE `salarios` DISABLE KEYS */;
INSERT INTO `salarios` VALUES (1,2,2300.00,'2024-02-07 21:50:58','2024-02-07 21:50:58');
/*!40000 ALTER TABLE `salarios` ENABLE KEYS */;
UNLOCK TABLES;

--
-- Table structure for table `users`
--

DROP TABLE IF EXISTS `users`;
/*!40101 SET @saved_cs_client     = @@character_set_client */;
/*!50503 SET character_set_client = utf8mb4 */;
CREATE TABLE `users` (
  `id` bigint unsigned NOT NULL AUTO_INCREMENT,
  `usuario` varchar(255) CHARACTER SET utf8mb4 COLLATE utf8mb4_unicode_ci NOT NULL,
  `nombre` varchar(255) CHARACTER SET utf8mb4 COLLATE utf8mb4_unicode_ci NOT NULL,
  `paterno` varchar(255) CHARACTER SET utf8mb4 COLLATE utf8mb4_unicode_ci NOT NULL,
  `materno` varchar(255) CHARACTER SET utf8mb4 COLLATE utf8mb4_unicode_ci DEFAULT NULL,
  `ci` varchar(155) CHARACTER SET utf8mb4 COLLATE utf8mb4_unicode_ci DEFAULT NULL,
  `ci_exp` varchar(155) CHARACTER SET utf8mb4 COLLATE utf8mb4_unicode_ci DEFAULT NULL,
  `tipo` enum('ADMINISTRADOR','GERENTE','CAJERO','OFICIAL DE CRÉDITO') CHARACTER SET utf8mb4 COLLATE utf8mb4_unicode_ci NOT NULL,
  `foto` varchar(255) CHARACTER SET utf8mb4 COLLATE utf8mb4_unicode_ci DEFAULT NULL,
  `password` varchar(255) CHARACTER SET utf8mb4 COLLATE utf8mb4_unicode_ci NOT NULL,
  `acceso` int NOT NULL,
  `fecha_registro` date NOT NULL,
  `created_at` timestamp NULL DEFAULT NULL,
  `updated_at` timestamp NULL DEFAULT NULL,
  PRIMARY KEY (`id`),
  UNIQUE KEY `users_usuario_unique` (`usuario`)
) ENGINE=InnoDB AUTO_INCREMENT=5 DEFAULT CHARSET=utf8mb4 COLLATE=utf8mb4_unicode_ci;
/*!40101 SET character_set_client = @saved_cs_client */;

--
-- Dumping data for table `users`
--

LOCK TABLES `users` WRITE;
/*!40000 ALTER TABLE `users` DISABLE KEYS */;
INSERT INTO `users` VALUES (1,'admin','admin','admin',NULL,'',NULL,'ADMINISTRADOR',NULL,'$2y$10$wuTuUildBSgVYfvHomvXWuVLF6T1PWByEZJelnC9LOSQ/Xwcw2N3S',1,'2023-11-20',NULL,NULL),(2,'JPERES','JUAN','PERES','MAMANI','8456321','CB','CAJERO',NULL,'$2y$10$ssmHYu.KDJg0oaZeh6lwCewkn1KYPtGhB/3m0UDJ2sI7p0ZHHfqHC',1,'2023-11-22','2023-11-22 14:57:15','2024-05-28 12:26:15'),(3,'NBURGOS','NORMA ROXANA','MAMANI','BURGOS','4849549','LP','OFICIAL DE CRÉDITO','1701184355_NBURGOS.jpg','$2y$10$wuTuUildBSgVYfvHomvXWuVLF6T1PWByEZJelnC9LOSQ/Xwcw2N3S',1,'2023-11-28','2023-11-28 15:12:35','2023-11-28 15:12:35'),(4,'JCORTEZ','JUAN','CORTEZ','CORTEZ','3333','CH','GERENTE',NULL,'$2y$10$.Z1kNad0iCSxDcY2/TvU2O9HGg6bHFHVky/cXahpjXAgSZ7NQFLwm',1,'2023-11-30','2023-11-30 21:24:19','2024-05-28 12:47:04');
/*!40000 ALTER TABLE `users` ENABLE KEYS */;
UNLOCK TABLES;

--
-- Dumping routines for database 'sismicrocreditos_db'
--
/*!40103 SET TIME_ZONE=@OLD_TIME_ZONE */;

/*!40101 SET SQL_MODE=@OLD_SQL_MODE */;
/*!40014 SET FOREIGN_KEY_CHECKS=@OLD_FOREIGN_KEY_CHECKS */;
/*!40014 SET UNIQUE_CHECKS=@OLD_UNIQUE_CHECKS */;
/*!40101 SET CHARACTER_SET_CLIENT=@OLD_CHARACTER_SET_CLIENT */;
/*!40101 SET CHARACTER_SET_RESULTS=@OLD_CHARACTER_SET_RESULTS */;
/*!40101 SET COLLATION_CONNECTION=@OLD_COLLATION_CONNECTION */;
/*!40111 SET SQL_NOTES=@OLD_SQL_NOTES */;

-- Dump completed on 2024-06-04 11:24:46
